,BUYER_STATE,BUYER_COUNTY,TRANSACTION_YEAR,MME
0,WA,ADAMS,2006,2424598.848
1,WA,ADAMS,2007,2891419.8375
2,WA,ADAMS,2008,3410410.0875
3,WA,ADAMS,2009,3836773.95
4,WA,ADAMS,2010,4258329.037500001
5,WA,ADAMS,2011,4655499.1875
6,WA,ADAMS,2012,4531606.5975
7,WA,ADAMS,2013,4493743.65
8,WA,ADAMS,2014,4429483.95
9,WA,ASOTIN,2006,8202401.307
10,WA,ASOTIN,2007,7686124.8
11,WA,ASOTIN,2008,7928064.142725
12,WA,ASOTIN,2009,9136063.605
13,WA,ASOTIN,2010,13635555.4838625
14,WA,ASOTIN,2011,15274972.71
15,WA,ASOTIN,2012,15922687.5225
16,WA,ASOTIN,2013,17184793.7665875
17,WA,ASOTIN,2014,16922194.1475
18,WA,BENTON,2006,47357689.661
19,WA,BENTON,2007,46260114.7958125
20,WA,BENTON,2008,51265192.5244375
21,WA,BENTON,2009,56739019.4124
22,WA,BENTON,2010,63982021.538625
23,WA,BENTON,2011,69095600.7727125
24,WA,BENTON,2012,73905657.59295
25,WA,BENTON,2013,77473799.197725
26,WA,BENTON,2014,84730105.87522501
27,WA,CHELAN,2006,23476266.2596125
28,WA,CHELAN,2007,25575991.378725
29,WA,CHELAN,2008,25442207.4203625
30,WA,CHELAN,2009,24818139.4659
31,WA,CHELAN,2010,24501495.2245125
32,WA,CHELAN,2011,23054522.497725
33,WA,CHELAN,2012,22610926.0093125
34,WA,CHELAN,2013,23029049.7863625
35,WA,CHELAN,2014,25205494.0238625
36,WA,CLALLAM,2006,38022444.3064875
37,WA,CLALLAM,2007,45330893.2012875
38,WA,CLALLAM,2008,48294070.592925
39,WA,CLALLAM,2009,52228389.90225
40,WA,CLALLAM,2010,56952485.8022625
41,WA,CLALLAM,2011,55333861.81725
42,WA,CLALLAM,2012,51905335.632225
43,WA,CLALLAM,2013,50618579.441775
44,WA,CLALLAM,2014,50153420.92815
45,WA,CLARK,2006,118467976.730875
46,WA,CLARK,2007,179088580.63395
47,WA,CLARK,2008,288267955.215975
48,WA,CLARK,2009,196003658.9167875
49,WA,CLARK,2010,178062059.8665375
50,WA,CLARK,2011,167983965.3093375
51,WA,CLARK,2012,155831254.2635625
52,WA,CLARK,2013,154461781.977225
53,WA,CLARK,2014,159681454.002225
54,WA,COLUMBIA,2006,1003049.7135000001
55,WA,COLUMBIA,2007,1085004.9
56,WA,COLUMBIA,2008,786315.8625
57,WA,COLUMBIA,2009,761058.525
58,WA,COLUMBIA,2010,1049822.025
59,WA,COLUMBIA,2011,1175582.5875000001
60,WA,COLUMBIA,2012,1357933.6875
61,WA,COLUMBIA,2013,1489731.3375
62,WA,COLUMBIA,2014,1360134.5475
63,WA,COWLITZ,2006,49594881.303225
64,WA,COWLITZ,2007,59698839.9559875
65,WA,COWLITZ,2008,68422256.0882125
66,WA,COWLITZ,2009,65412242.843625
67,WA,COWLITZ,2010,64568999.8770375
68,WA,COWLITZ,2011,61017265.7981625
69,WA,COWLITZ,2012,60178879.234725
70,WA,COWLITZ,2013,61472943.010875
71,WA,COWLITZ,2014,63159110.4365625
72,WA,DOUGLAS,2006,7521936.961725
73,WA,DOUGLAS,2007,7928564.3857125
74,WA,DOUGLAS,2008,8470734.5713875
75,WA,DOUGLAS,2009,9158175.6436125
76,WA,DOUGLAS,2010,9788496.6811125
77,WA,DOUGLAS,2011,9181113.766575
78,WA,DOUGLAS,2012,9132355.477500001
79,WA,DOUGLAS,2013,9125214.075
80,WA,DOUGLAS,2014,9225473.25
81,WA,FERRY,2006,1518199.9725
82,WA,FERRY,2007,1986344.712
83,WA,FERRY,2008,2288684.55
84,WA,FERRY,2009,2213082.9413625
85,WA,FERRY,2010,2345338.35
86,WA,FERRY,2011,2603529.975
87,WA,FERRY,2012,2851485.0
88,WA,FERRY,2013,2776689.8625
89,WA,FERRY,2014,2556755.265
90,WA,FRANKLIN,2006,12031287.516225
91,WA,FRANKLIN,2007,12276141.5955
92,WA,FRANKLIN,2008,12449338.1188625
93,WA,FRANKLIN,2009,14234296.5
94,WA,FRANKLIN,2010,14792459.865
95,WA,FRANKLIN,2011,16504526.883862501
96,WA,FRANKLIN,2012,19072055.182725
97,WA,FRANKLIN,2013,20929136.5125
98,WA,FRANKLIN,2014,24426061.4925
99,WA,GARFIELD,2006,778398.7875
100,WA,GARFIELD,2007,1074698.0625
101,WA,GARFIELD,2008,1011766.5
102,WA,GARFIELD,2009,826459.05
103,WA,GARFIELD,2010,786099.825
104,WA,GARFIELD,2011,880984.125
105,WA,GARFIELD,2012,872555.3925
106,WA,GARFIELD,2013,993376.635
107,WA,GARFIELD,2014,1075578.6075
108,WA,GRANT,2006,38142715.6073625
109,WA,GRANT,2007,41822717.407725
110,WA,GRANT,2008,38262883.92795
111,WA,GRANT,2009,41785210.92795
112,WA,GRANT,2010,38636886.4463625
113,WA,GRANT,2011,38408360.122725
114,WA,GRANT,2012,36994979.4204375
115,WA,GRANT,2013,34636196.3343
116,WA,GRANT,2014,32847043.6556625
117,WA,GRAYS HARBOR,2006,31005308.143725
118,WA,GRAYS HARBOR,2007,35732065.9474125
119,WA,GRAYS HARBOR,2008,42239833.167225
120,WA,GRAYS HARBOR,2009,37392379.3699875
121,WA,GRAYS HARBOR,2010,36139545.832725
122,WA,GRAYS HARBOR,2011,37477071.5447625
123,WA,GRAYS HARBOR,2012,37741891.4893125
124,WA,GRAYS HARBOR,2013,40308961.583625
125,WA,GRAYS HARBOR,2014,43356853.673175
126,WA,ISLAND,2006,18187129.7060375
127,WA,ISLAND,2007,18127659.54485
128,WA,ISLAND,2008,17553634.3180875
129,WA,ISLAND,2009,16537355.7938625
130,WA,ISLAND,2010,17639589.165
131,WA,ISLAND,2011,17537616.5888625
132,WA,ISLAND,2012,17654680.6040625
133,WA,ISLAND,2013,18121214.17635
134,WA,ISLAND,2014,19055567.1718125
135,WA,JEFFERSON,2006,3589464.4635
136,WA,JEFFERSON,2007,4667226.5985
137,WA,JEFFERSON,2008,5655645.465
138,WA,JEFFERSON,2009,6154809.75
139,WA,JEFFERSON,2010,6794232.48
140,WA,JEFFERSON,2011,7374590.8165875
141,WA,JEFFERSON,2012,8252576.85885
142,WA,JEFFERSON,2013,8658078.6415875
143,WA,JEFFERSON,2014,9531965.8088625
144,WA,KING,2006,543243209.017325
145,WA,KING,2007,567918765.4578125
146,WA,KING,2008,610069450.2158126
147,WA,KING,2009,627939381.9220124
148,WA,KING,2010,646956449.6017125
149,WA,KING,2011,640517662.3440375
150,WA,KING,2012,611352688.0936126
151,WA,KING,2013,588164193.4788
152,WA,KING,2014,592248175.8156
153,WA,KITSAP,2006,64937920.7352625
154,WA,KITSAP,2007,68981497.206975
155,WA,KITSAP,2008,76884701.01225
156,WA,KITSAP,2009,81171555.32655
157,WA,KITSAP,2010,88670300.4604125
158,WA,KITSAP,2011,88422142.834275
159,WA,KITSAP,2012,87058065.172425
160,WA,KITSAP,2013,79180756.5319875
161,WA,KITSAP,2014,76826219.08155
162,WA,KITTITAS,2006,9093796.4048625
163,WA,KITTITAS,2007,9211506.4425
164,WA,KITTITAS,2008,10141651.365
165,WA,KITTITAS,2009,9828329.0213625
166,WA,KITTITAS,2010,10529154.2475
167,WA,KITTITAS,2011,11841145.4438625
168,WA,KITTITAS,2012,11998769.4675
169,WA,KITTITAS,2013,12649938.585
170,WA,KITTITAS,2014,12933555.3413625
171,WA,KLICKITAT,2006,1997275.6695
172,WA,KLICKITAT,2007,2517741.4875
173,WA,KLICKITAT,2008,2560843.2188625
174,WA,KLICKITAT,2009,2843889.525
175,WA,KLICKITAT,2010,2624773.95
176,WA,KLICKITAT,2011,2797973.1375
177,WA,KLICKITAT,2012,3178606.215
178,WA,KLICKITAT,2013,3533738.0740875
179,WA,KLICKITAT,2014,3083829.2775
180,WA,LEWIS,2006,28295827.6162625
181,WA,LEWIS,2007,35427502.206375
182,WA,LEWIS,2008,41459458.326825
183,WA,LEWIS,2009,45848953.7512875
184,WA,LEWIS,2010,42866022.18225
185,WA,LEWIS,2011,40843268.2918125
186,WA,LEWIS,2012,39861923.9397
187,WA,LEWIS,2013,38477349.957
188,WA,LEWIS,2014,38848140.12975
189,WA,LINCOLN,2006,3231801.495225
190,WA,LINCOLN,2007,3954140.7675
191,WA,LINCOLN,2008,4197673.3913625
192,WA,LINCOLN,2009,4805908.1625
193,WA,LINCOLN,2010,4818079.5
194,WA,LINCOLN,2011,4413150.2625
195,WA,LINCOLN,2012,4614201.9375
196,WA,LINCOLN,2013,5131388.925
197,WA,LINCOLN,2014,5060025.99
198,WA,MASON,2006,12980432.2785
199,WA,MASON,2007,14779235.790000001
200,WA,MASON,2008,17268370.4265
201,WA,MASON,2009,19808055.7390875
202,WA,MASON,2010,22558235.2388625
203,WA,MASON,2011,24603788.362725
204,WA,MASON,2012,23564035.7672625
205,WA,MASON,2013,22267489.08135
206,WA,MASON,2014,21411378.33225
207,WA,OKANOGAN,2006,14189955.625500001
208,WA,OKANOGAN,2007,17305320.1155
209,WA,OKANOGAN,2008,19154814.945225
210,WA,OKANOGAN,2009,21779971.1184
211,WA,OKANOGAN,2010,24892731.8518125
212,WA,OKANOGAN,2011,21848150.5690875
213,WA,OKANOGAN,2012,17674612.9693125
214,WA,OKANOGAN,2013,13360120.002037501
215,WA,OKANOGAN,2014,13177892.903175
216,WA,PACIFIC,2006,9281652.2445
217,WA,PACIFIC,2007,10519284.0870375
218,WA,PACIFIC,2008,12231422.1356625
219,WA,PACIFIC,2009,16600360.9088625
220,WA,PACIFIC,2010,17796522.7875
221,WA,PACIFIC,2011,18355074.6713625
222,WA,PACIFIC,2012,16657715.4975
223,WA,PACIFIC,2013,16403985.0413625
224,WA,PACIFIC,2014,16506427.0575
225,WA,PEND OREILLE,2006,7940225.713500001
226,WA,PEND OREILLE,2007,9200555.025
227,WA,PEND OREILLE,2008,9542375.925
228,WA,PEND OREILLE,2009,9801218.7375
229,WA,PEND OREILLE,2010,9262608.8625
230,WA,PEND OREILLE,2011,8148004.8375
231,WA,PEND OREILLE,2012,7784505.0525
232,WA,PEND OREILLE,2013,8001651.3825
233,WA,PEND OREILLE,2014,7281379.8
234,WA,PIERCE,2006,222611054.6263625
235,WA,PIERCE,2007,260048243.458925
236,WA,PIERCE,2008,265018328.78615
237,WA,PIERCE,2009,274530858.8062875
238,WA,PIERCE,2010,277785725.9746875
239,WA,PIERCE,2011,271541927.5213125
240,WA,PIERCE,2012,254441255.5513125
241,WA,PIERCE,2013,247305736.5783
242,WA,PIERCE,2014,263442226.604925
243,WA,SAN JUAN,2006,2633223.5738625
244,WA,SAN JUAN,2007,3019123.629
245,WA,SAN JUAN,2008,3473493.6413625
246,WA,SAN JUAN,2009,4387542.9
247,WA,SAN JUAN,2010,4731105.5588625
248,WA,SAN JUAN,2011,5255909.8838625
249,WA,SAN JUAN,2012,4958942.11545
250,WA,SAN JUAN,2013,5017736.5495875
251,WA,SAN JUAN,2014,4095747.3040875
252,WA,SKAGIT,2006,34022111.9165875
253,WA,SKAGIT,2007,44947253.8832625
254,WA,SKAGIT,2008,42774851.2876125
255,WA,SKAGIT,2009,45629597.20815
256,WA,SKAGIT,2010,45562172.51295
257,WA,SKAGIT,2011,46909058.2463625
258,WA,SKAGIT,2012,45920521.3388625
259,WA,SKAGIT,2013,46743574.0997625
260,WA,SKAGIT,2014,49258789.8375
261,WA,SKAMANIA,2006,2229414.7875
262,WA,SKAMANIA,2007,2527186.125
263,WA,SKAMANIA,2008,2712424.1625
264,WA,SKAMANIA,2009,2969880.75
265,WA,SKAMANIA,2010,2999433.1125
266,WA,SKAMANIA,2011,2855337.0
267,WA,SKAMANIA,2012,3059767.575
268,WA,SKAMANIA,2013,3033151.9875
269,WA,SKAMANIA,2014,2970452.3625
270,WA,SNOHOMISH,2006,257298514.5212
271,WA,SNOHOMISH,2007,282215289.716625
272,WA,SNOHOMISH,2008,309673098.9654
273,WA,SNOHOMISH,2009,337409127.05385
274,WA,SNOHOMISH,2010,346468845.571425
275,WA,SNOHOMISH,2011,328305639.0303375
276,WA,SNOHOMISH,2012,330160289.777175
277,WA,SNOHOMISH,2013,327997961.3636625
278,WA,SNOHOMISH,2014,325495917.1171875
279,WA,SPOKANE,2006,192982355.3252125
280,WA,SPOKANE,2007,198805208.256125
281,WA,SPOKANE,2008,204660755.7555125
282,WA,SPOKANE,2009,208973504.3287875
283,WA,SPOKANE,2010,210604000.417875
284,WA,SPOKANE,2011,215240189.0265375
285,WA,SPOKANE,2012,214310485.161525
286,WA,SPOKANE,2013,210434478.8769375
287,WA,SPOKANE,2014,204065331.2465625
288,WA,STEVENS,2006,20319301.578
289,WA,STEVENS,2007,20813643.4559
290,WA,STEVENS,2008,23758950.15315
291,WA,STEVENS,2009,24517521.0952125
292,WA,STEVENS,2010,24319327.0923375
293,WA,STEVENS,2011,22840368.8833875
294,WA,STEVENS,2012,21694133.8990875
295,WA,STEVENS,2013,20462279.6663625
296,WA,STEVENS,2014,21357175.477725
297,WA,THURSTON,2006,59722735.198225
298,WA,THURSTON,2007,65461650.0415875
299,WA,THURSTON,2008,66451231.1082125
300,WA,THURSTON,2009,69016647.8158875
301,WA,THURSTON,2010,73980166.6434
302,WA,THURSTON,2011,76306606.0284
303,WA,THURSTON,2012,77028927.976575
304,WA,THURSTON,2013,79984999.4674875
305,WA,THURSTON,2014,78469520.48385
306,WA,WAHKIAKUM,2006,1004054.4375
307,WA,WAHKIAKUM,2007,1107905.5125
308,WA,WAHKIAKUM,2008,1000381.3125
309,WA,WAHKIAKUM,2009,890021.760675
310,WA,WAHKIAKUM,2010,810019.425
311,WA,WAHKIAKUM,2011,1064972.9625
312,WA,WAHKIAKUM,2012,1279147.05
313,WA,WAHKIAKUM,2013,1182912.9225
314,WA,WAHKIAKUM,2014,980341.3875
315,WA,WALLA WALLA,2006,16246619.2588125
316,WA,WALLA WALLA,2007,18407829.0225
317,WA,WALLA WALLA,2008,17937149.8088625
318,WA,WALLA WALLA,2009,18084690.5665875
319,WA,WALLA WALLA,2010,19730467.2225
320,WA,WALLA WALLA,2011,20742167.2538625
321,WA,WALLA WALLA,2012,21406199.27295
322,WA,WALLA WALLA,2013,22878727.395675
323,WA,WALLA WALLA,2014,24190273.178175
324,WA,WHATCOM,2006,42680811.705675
325,WA,WHATCOM,2007,48266708.984775
326,WA,WHATCOM,2008,50167591.726425
327,WA,WHATCOM,2009,50728804.2745125
328,WA,WHATCOM,2010,50394480.5756625
329,WA,WHATCOM,2011,48392960.1892875
330,WA,WHATCOM,2012,47331039.75405
331,WA,WHATCOM,2013,49051244.7533625
332,WA,WHATCOM,2014,51611925.2026875
333,WA,WHITMAN,2006,7321052.5285875
334,WA,WHITMAN,2007,8072747.032725
335,WA,WHITMAN,2008,7735818.5625
336,WA,WHITMAN,2009,8068959.345225
337,WA,WHITMAN,2010,8059799.460225
338,WA,WHITMAN,2011,9406485.3375
339,WA,WHITMAN,2012,10296140.321362501
340,WA,WHITMAN,2013,10340060.235
341,WA,WHITMAN,2014,9868778.6625
342,WA,YAKIMA,2006,44376884.395
343,WA,YAKIMA,2007,48714182.5223625
344,WA,YAKIMA,2008,52348507.057125
345,WA,YAKIMA,2009,61959784.165125
346,WA,YAKIMA,2010,67468869.2154375
347,WA,YAKIMA,2011,76007353.779075
348,WA,YAKIMA,2012,80232646.68135001
349,WA,YAKIMA,2013,83916307.808175
350,WA,YAKIMA,2014,91092505.3125
0,OR,BAKER,2006,6465996.549000001
1,OR,BAKER,2007,6810527.583
2,OR,BAKER,2008,7172930.6325
3,OR,BAKER,2009,7592164.545225
4,OR,BAKER,2010,9173387.6438625
5,OR,BAKER,2011,8693059.0659
6,OR,BAKER,2012,9364095.8709
7,OR,BAKER,2013,9585516.3788625
8,OR,BAKER,2014,10023517.4025
9,OR,BENTON,2006,14335355.0578625
10,OR,BENTON,2007,17032193.7245
11,OR,BENTON,2008,20021267.3163625
12,OR,BENTON,2009,20905131.486225
13,OR,BENTON,2010,23867691.6825
14,OR,BENTON,2011,25887078.3418125
15,OR,BENTON,2012,25823644.7529375
16,OR,BENTON,2013,25261469.5852125
17,OR,BENTON,2014,23850902.667037502
18,OR,CLACKAMAS,2006,132420556.9967
19,OR,CLACKAMAS,2007,161728733.570525
20,OR,CLACKAMAS,2008,188604182.9871875
21,OR,CLACKAMAS,2009,204338573.2249875
22,OR,CLACKAMAS,2010,216646614.1619625
23,OR,CLACKAMAS,2011,199162254.1411875
24,OR,CLACKAMAS,2012,190080435.2008125
25,OR,CLACKAMAS,2013,185102476.4342625
26,OR,CLACKAMAS,2014,185369196.1583625
27,OR,CLATSOP,2006,20443779.0240875
28,OR,CLATSOP,2007,19073167.993725
29,OR,CLATSOP,2008,20789330.622675
30,OR,CLATSOP,2009,23445611.9890875
31,OR,CLATSOP,2010,28889157.87975
32,OR,CLATSOP,2011,33407968.3636125
33,OR,CLATSOP,2012,34171750.82475
34,OR,CLATSOP,2013,35029047.1077
35,OR,CLATSOP,2014,30525968.6238375
36,OR,COLUMBIA,2006,10924138.642725
37,OR,COLUMBIA,2007,14588228.772225
38,OR,COLUMBIA,2008,18137023.1678625
39,OR,COLUMBIA,2009,21336664.2945375
40,OR,COLUMBIA,2010,21833065.5340875
41,OR,COLUMBIA,2011,23927363.0968125
42,OR,COLUMBIA,2012,22251313.3768125
43,OR,COLUMBIA,2013,18203395.9843125
44,OR,COLUMBIA,2014,17358544.77045
45,OR,COOS,2006,23885975.509175
46,OR,COOS,2007,29563134.01235
47,OR,COOS,2008,34326945.2538375
48,OR,COOS,2009,38585992.75725
49,OR,COOS,2010,40537969.10655
50,OR,COOS,2011,39521749.1308875
51,OR,COOS,2012,37601060.382675
52,OR,COOS,2013,36974964.012225
53,OR,COOS,2014,39069168.490875
54,OR,CROOK,2006,4789057.4715
55,OR,CROOK,2007,5676510.2355
56,OR,CROOK,2008,6701249.832
57,OR,CROOK,2009,6370684.957725
58,OR,CROOK,2010,6984638.445
59,OR,CROOK,2011,7591532.61
60,OR,CROOK,2012,7875168.7275
61,OR,CROOK,2013,8100094.3993125
62,OR,CROOK,2014,8251902.66
63,OR,CURRY,2006,13703839.9725
64,OR,CURRY,2007,16356011.407725
65,OR,CURRY,2008,15851022.6040875
66,OR,CURRY,2009,16982610.8065875
67,OR,CURRY,2010,17583847.530225
68,OR,CURRY,2011,17906199.675225
69,OR,CURRY,2012,18833376.450675
70,OR,CURRY,2013,18244494.139087502
71,OR,CURRY,2014,18212496.953625
72,OR,DESCHUTES,2006,36775326.6804
73,OR,DESCHUTES,2007,42354661.678025
74,OR,DESCHUTES,2008,46984718.3688
75,OR,DESCHUTES,2009,46685354.6395125
76,OR,DESCHUTES,2010,50346179.007
77,OR,DESCHUTES,2011,52924472.7151875
78,OR,DESCHUTES,2012,56004539.5017
79,OR,DESCHUTES,2013,58135280.6346
80,OR,DESCHUTES,2014,61350637.53405
81,OR,DOUGLAS,2006,48273240.361725
82,OR,DOUGLAS,2007,53458970.933225
83,OR,DOUGLAS,2008,57045594.59535
84,OR,DOUGLAS,2009,60890203.4136
85,OR,DOUGLAS,2010,69110180.9381625
86,OR,DOUGLAS,2011,76501533.0654375
87,OR,DOUGLAS,2012,74429643.25245
88,OR,DOUGLAS,2013,70784534.3163
89,OR,DOUGLAS,2014,71572966.1952
90,OR,GILLIAM,2006,182379.975
91,OR,GILLIAM,2007,223822.6875
92,OR,GILLIAM,2008,204567.75
93,OR,GILLIAM,2009,244476.225
94,OR,GILLIAM,2010,358996.9875
95,OR,GILLIAM,2011,523725.7725
96,OR,GILLIAM,2012,642164.025
97,OR,GILLIAM,2013,632363.3625
98,OR,GILLIAM,2014,620212.35
99,OR,GRANT,2006,1565240.544
100,OR,GRANT,2007,1698828.39
101,OR,GRANT,2008,2240407.5
102,OR,GRANT,2009,2915629.3913625
103,OR,GRANT,2010,2969577.15
104,OR,GRANT,2011,3085152.3675
105,OR,GRANT,2012,2927270.1265875
106,OR,GRANT,2013,2593344.4725
107,OR,GRANT,2014,2604976.2375
108,OR,HARNEY,2006,2018061.0555
109,OR,HARNEY,2007,1863241.2375
110,OR,HARNEY,2008,2047889.3250000002
111,OR,HARNEY,2009,2161384.6615875
112,OR,HARNEY,2010,2592124.7175000003
113,OR,HARNEY,2011,3062065.95
114,OR,HARNEY,2012,3441540.525
115,OR,HARNEY,2013,3352978.215
116,OR,HARNEY,2014,3035548.44
117,OR,HOOD RIVER,2006,5162920.5575
118,OR,HOOD RIVER,2007,6668703.6875
119,OR,HOOD RIVER,2008,7092286.404
120,OR,HOOD RIVER,2009,7009214.865
121,OR,HOOD RIVER,2010,6696307.7625
122,OR,HOOD RIVER,2011,6844556.4525
123,OR,HOOD RIVER,2012,7146742.605
124,OR,HOOD RIVER,2013,6147276.51
125,OR,HOOD RIVER,2014,5802114.435
126,OR,JACKSON,2006,87235554.0610875
127,OR,JACKSON,2007,103488152.1291625
128,OR,JACKSON,2008,120747316.44652501
129,OR,JACKSON,2009,130183668.8617875
130,OR,JACKSON,2010,144562616.9727
131,OR,JACKSON,2011,163864357.0783875
132,OR,JACKSON,2012,176955997.4996625
133,OR,JACKSON,2013,175735452.471975
134,OR,JACKSON,2014,163901719.17315
135,OR,JEFFERSON,2006,3002582.3625
136,OR,JEFFERSON,2007,3903944.634225
137,OR,JEFFERSON,2008,4247487.0675
138,OR,JEFFERSON,2009,4861429.65
139,OR,JEFFERSON,2010,4956999.195225
140,OR,JEFFERSON,2011,4912848.285225
141,OR,JEFFERSON,2012,4893470.362725
142,OR,JEFFERSON,2013,5529613.3240875
143,OR,JEFFERSON,2014,6154304.9738625
144,OR,JOSEPHINE,2006,34131306.866000004
145,OR,JOSEPHINE,2007,40056173.8065
146,OR,JOSEPHINE,2008,46117690.5173625
147,OR,JOSEPHINE,2009,52030958.889750004
148,OR,JOSEPHINE,2010,58157230.92
149,OR,JOSEPHINE,2011,67148099.3170125
150,OR,JOSEPHINE,2012,77470066.850625
151,OR,JOSEPHINE,2013,69540417.4349625
152,OR,JOSEPHINE,2014,66927543.699075
153,OR,KLAMATH,2006,19683053.6715
154,OR,KLAMATH,2007,21758483.895
155,OR,KLAMATH,2008,24609003.798862502
156,OR,KLAMATH,2009,26050467.45795
157,OR,KLAMATH,2010,27917978.8997625
158,OR,KLAMATH,2011,28287640.980225
159,OR,KLAMATH,2012,28706851.4970375
160,OR,KLAMATH,2013,26948521.2534
161,OR,KLAMATH,2014,27057393.3863625
162,OR,LAKE,2006,2759992.4145
163,OR,LAKE,2007,3511309.875
164,OR,LAKE,2008,3594978.225
165,OR,LAKE,2009,3525689.8102125
166,OR,LAKE,2010,4121242.7824875
167,OR,LAKE,2011,4347722.3456625
168,OR,LAKE,2012,3976499.85885
169,OR,LAKE,2013,4189071.8445375
170,OR,LAKE,2014,4270387.5225
171,OR,LANE,2006,119812649.7239875
172,OR,LANE,2007,131836923.858225
173,OR,LANE,2008,145449869.7813375
174,OR,LANE,2009,164249305.67895
175,OR,LANE,2010,179450266.580175
176,OR,LANE,2011,195524591.6999625
177,OR,LANE,2012,210431146.1653125
178,OR,LANE,2013,204171391.1029875
179,OR,LANE,2014,205178832.223575
180,OR,LINCOLN,2006,23774671.424175
181,OR,LINCOLN,2007,26345147.0529375
182,OR,LINCOLN,2008,27721931.5445375
183,OR,LINCOLN,2009,31410125.074725002
184,OR,LINCOLN,2010,34177392.0865875
185,OR,LINCOLN,2011,39489770.1490875
186,OR,LINCOLN,2012,41142709.6256625
187,OR,LINCOLN,2013,40957751.3418
188,OR,LINCOLN,2014,39691336.2420375
189,OR,LINN,2006,37771904.3802125
190,OR,LINN,2007,45312554.6468125
191,OR,LINN,2008,50419244.328675
192,OR,LINN,2009,55917100.061775
193,OR,LINN,2010,62148293.125425
194,OR,LINN,2011,64900464.924075
195,OR,LINN,2012,67325094.191325
196,OR,LINN,2013,65644796.157225
197,OR,LINN,2014,66497382.7040625
198,OR,MALHEUR,2006,7645423.350000001
199,OR,MALHEUR,2007,9070049.433
200,OR,MALHEUR,2008,10718418.29895
201,OR,MALHEUR,2009,12341130.570225
202,OR,MALHEUR,2010,13376609.98545
203,OR,MALHEUR,2011,15508679.445675
204,OR,MALHEUR,2012,17643166.7765625
205,OR,MALHEUR,2013,19245316.8736125
206,OR,MALHEUR,2014,21993412.0088625
207,OR,MARION,2006,77907168.80895
208,OR,MARION,2007,94786730.2358125
209,OR,MARION,2008,106681882.2904875
210,OR,MARION,2009,115725170.53830001
211,OR,MARION,2010,126875148.5531625
212,OR,MARION,2011,134146484.5828125
213,OR,MARION,2012,123219799.4342625
214,OR,MARION,2013,116546974.7313375
215,OR,MARION,2014,119739574.7646375
216,OR,MORROW,2006,810158.4075
217,OR,MORROW,2007,806789.0325
218,OR,MORROW,2008,1162729.8
219,OR,MORROW,2009,1212633.7275
220,OR,MORROW,2010,1046918.2875
221,OR,MORROW,2011,1116765.7425
222,OR,MORROW,2012,1206372.3675
223,OR,MORROW,2013,1445838.48
224,OR,MORROW,2014,1433404.2
225,OR,MULTNOMAH,2006,253054940.3563125
226,OR,MULTNOMAH,2007,311734527.0628625
227,OR,MULTNOMAH,2008,347341183.3344125
228,OR,MULTNOMAH,2009,382503204.7880625
229,OR,MULTNOMAH,2010,392790300.6854625
230,OR,MULTNOMAH,2011,362816339.663175
231,OR,MULTNOMAH,2012,333637281.63465
232,OR,MULTNOMAH,2013,321912397.91452503
233,OR,MULTNOMAH,2014,296637423.4445625
234,OR,POLK,2006,9791045.9680875
235,OR,POLK,2007,13902693.489
236,OR,POLK,2008,17063958.303
237,OR,POLK,2009,18841102.9313625
238,OR,POLK,2010,20994598.9088625
239,OR,POLK,2011,22590617.348175
240,OR,POLK,2012,20499328.1070375
241,OR,POLK,2013,19726627.4365875
242,OR,POLK,2014,19497792.840225
243,OR,TILLAMOOK,2006,15910316.5545875
244,OR,TILLAMOOK,2007,15483499.4174375
245,OR,TILLAMOOK,2008,17247763.2579375
246,OR,TILLAMOOK,2009,19831960.8363
247,OR,TILLAMOOK,2010,22690403.7731625
248,OR,TILLAMOOK,2011,24145093.8281625
249,OR,TILLAMOOK,2012,25344651.92475
250,OR,TILLAMOOK,2013,23840613.04545
251,OR,TILLAMOOK,2014,21611950.68
252,OR,UMATILLA,2006,15292895.828
253,OR,UMATILLA,2007,17913362.38625
254,OR,UMATILLA,2008,20253898.401675
255,OR,UMATILLA,2009,23065339.3743
256,OR,UMATILLA,2010,25300284.2968125
257,OR,UMATILLA,2011,27979794.0190875
258,OR,UMATILLA,2012,29331815.64225
259,OR,UMATILLA,2013,29890582.5570375
260,OR,UMATILLA,2014,32471455.7697375
261,OR,UNION,2006,9226361.8368
262,OR,UNION,2007,10464490.7334375
263,OR,UNION,2008,11179033.463625
264,OR,UNION,2009,12232135.50795
265,OR,UNION,2010,12754950.255
266,OR,UNION,2011,15590832.7913625
267,OR,UNION,2012,17162573.7188625
268,OR,UNION,2013,17631976.8715875
269,OR,UNION,2014,18248973.1275
270,OR,WALLOWA,2006,2082384.8228625
271,OR,WALLOWA,2007,1781069.6625
272,OR,WALLOWA,2008,1674839.3365875
273,OR,WALLOWA,2009,1820638.71
274,OR,WALLOWA,2010,1945813.7138625002
275,OR,WALLOWA,2011,2635356.4238625
276,OR,WALLOWA,2012,3069493.4963625
277,OR,WALLOWA,2013,3562964.9288625
278,OR,WALLOWA,2014,3579977.745225
279,OR,WASCO,2006,10574963.8780875
280,OR,WASCO,2007,11838025.6129875
281,OR,WASCO,2008,13477203.06435
282,OR,WASCO,2009,14270396.7127125
283,OR,WASCO,2010,15569709.5559
284,OR,WASCO,2011,16353920.662725
285,OR,WASCO,2012,15415585.126125
286,OR,WASCO,2013,13969745.2988625
287,OR,WASCO,2014,13099826.31
288,OR,WASHINGTON,2006,133816637.7134
289,OR,WASHINGTON,2007,169962525.7484
290,OR,WASHINGTON,2008,172198676.230275
291,OR,WASHINGTON,2009,172982403.2722875
292,OR,WASHINGTON,2010,187161115.0690125
293,OR,WASHINGTON,2011,188414450.7107625
294,OR,WASHINGTON,2012,176173124.93715
295,OR,WASHINGTON,2013,164079614.642625
296,OR,WASHINGTON,2014,151390199.6131125
297,OR,WHEELER,2009,272.4300000000001
298,OR,WHEELER,2010,326.91600000000005
299,OR,WHEELER,2011,217.94400000000007
300,OR,WHEELER,2012,108.97200000000002
301,OR,WHEELER,2013,72.64800000000002
302,OR,WHEELER,2014,18.16200000000001
303,OR,YAMHILL,2006,23524469.37795
304,OR,YAMHILL,2007,28431408.0405875
305,OR,YAMHILL,2008,31597664.088262502
306,OR,YAMHILL,2009,32888119.452262502
307,OR,YAMHILL,2010,34540208.333175
308,OR,YAMHILL,2011,35098682.2174875
309,OR,YAMHILL,2012,33014016.114075
310,OR,YAMHILL,2013,31278423.8784
311,OR,YAMHILL,2014,31742272.935225
0,CA,ALAMEDA,2006,376794971.3872
1,CA,ALAMEDA,2007,507600817.2126375
2,CA,ALAMEDA,2008,535258570.4084
3,CA,ALAMEDA,2009,589303994.422875
4,CA,ALAMEDA,2010,605427140.6673375
5,CA,ALAMEDA,2011,618681040.0418625
6,CA,ALAMEDA,2012,632116158.535725
7,CA,ALAMEDA,2013,597364051.8579
8,CA,ALAMEDA,2014,525822206.1981375
9,CA,ALPINE,2006,454.05
10,CA,ALPINE,2008,605.4000000000002
11,CA,ALPINE,2009,11351.25
12,CA,ALPINE,2010,9535.05
13,CA,ALPINE,2011,1816.2
14,CA,ALPINE,2012,302.7000000000001
15,CA,AMADOR,2006,18925042.1354
16,CA,AMADOR,2007,22155108.2081625
17,CA,AMADOR,2008,22079191.7897625
18,CA,AMADOR,2009,22925127.94635
19,CA,AMADOR,2010,23677360.0924875
20,CA,AMADOR,2011,23760437.9615625
21,CA,AMADOR,2012,24956451.9142875
22,CA,AMADOR,2013,24659706.7111125
23,CA,AMADOR,2014,25001784.6156375
24,CA,BUTTE,2006,152637305.6616125
25,CA,BUTTE,2007,167352343.0892375
26,CA,BUTTE,2008,175282252.7968125
27,CA,BUTTE,2009,194443953.0006375
28,CA,BUTTE,2010,209052927.4958625
29,CA,BUTTE,2011,204297267.7012875
30,CA,BUTTE,2012,189667949.91465
31,CA,BUTTE,2013,185275284.0310875
32,CA,BUTTE,2014,181215573.887025
33,CA,CALAVERAS,2006,19790602.263
34,CA,CALAVERAS,2007,23121433.695
35,CA,CALAVERAS,2008,25786997.9914875
36,CA,CALAVERAS,2009,25359409.6347375
37,CA,CALAVERAS,2010,27052208.251275
38,CA,CALAVERAS,2011,28222734.1188
39,CA,CALAVERAS,2012,26746819.102875
40,CA,CALAVERAS,2013,26294645.293125
41,CA,CALAVERAS,2014,28424803.92765
42,CA,COLUSA,2006,4711301.3443125
43,CA,COLUSA,2007,5569718.8095375
44,CA,COLUSA,2008,5944490.9013375
45,CA,COLUSA,2009,6791470.77585
46,CA,COLUSA,2010,8987277.7354125
47,CA,COLUSA,2011,9831231.9586125
48,CA,COLUSA,2012,10661608.4002125
49,CA,COLUSA,2013,9736200.735
50,CA,COLUSA,2014,6691655.7375
51,CA,CONTRA COSTA,2006,207444556.1191375
52,CA,CONTRA COSTA,2007,233141543.27902502
53,CA,CONTRA COSTA,2008,258755111.788575
54,CA,CONTRA COSTA,2009,301708413.967275
55,CA,CONTRA COSTA,2010,334876228.9438125
56,CA,CONTRA COSTA,2011,319171014.11756253
57,CA,CONTRA COSTA,2012,339578380.29495
58,CA,CONTRA COSTA,2013,332195342.404575
59,CA,CONTRA COSTA,2014,320095148.1014625
60,CA,DEL NORTE,2006,14760337.2375
61,CA,DEL NORTE,2007,15646767.105
62,CA,DEL NORTE,2008,16896475.4709
63,CA,DEL NORTE,2009,16887827.3175
64,CA,DEL NORTE,2010,18456003.5440875
65,CA,DEL NORTE,2011,20668081.590675
66,CA,DEL NORTE,2012,21504571.588800002
67,CA,DEL NORTE,2013,19687980.927675
68,CA,DEL NORTE,2014,19214941.5974625
69,CA,EL DORADO,2006,59403309.87925
70,CA,EL DORADO,2007,66500701.1522875
71,CA,EL DORADO,2008,73239425.2406625
72,CA,EL DORADO,2009,78334698.6120375
73,CA,EL DORADO,2010,79602600.2822625
74,CA,EL DORADO,2011,76540414.1649
75,CA,EL DORADO,2012,78225965.8995375
76,CA,EL DORADO,2013,79355580.0160875
77,CA,EL DORADO,2014,77565008.922
78,CA,FRESNO,2006,213649773.333575
79,CA,FRESNO,2007,238893482.4712625
80,CA,FRESNO,2008,254561606.898325
81,CA,FRESNO,2009,279918625.6444875
82,CA,FRESNO,2010,290242749.4581
83,CA,FRESNO,2011,310443697.6417125
84,CA,FRESNO,2012,331258813.28385
85,CA,FRESNO,2013,297128331.938925
86,CA,FRESNO,2014,285938826.2160375
87,CA,GLENN,2006,11473642.449000001
88,CA,GLENN,2007,11539210.0175
89,CA,GLENN,2008,12395176.0913625
90,CA,GLENN,2009,12507306.705
91,CA,GLENN,2010,14352259.6875
92,CA,GLENN,2011,12496707.9938625
93,CA,GLENN,2012,11816416.31295
94,CA,GLENN,2013,11576895.7093125
95,CA,GLENN,2014,11615285.1718125
96,CA,HUMBOLDT,2006,82388005.885575
97,CA,HUMBOLDT,2007,91875740.0846625
98,CA,HUMBOLDT,2008,98951397.1233
99,CA,HUMBOLDT,2009,98652404.7344625
100,CA,HUMBOLDT,2010,97970877.4753875
101,CA,HUMBOLDT,2011,99541073.7145125
102,CA,HUMBOLDT,2012,99429801.0331875
103,CA,HUMBOLDT,2013,90823018.3645875
104,CA,HUMBOLDT,2014,81704277.602325
105,CA,IMPERIAL,2006,18966706.3933125
106,CA,IMPERIAL,2007,21450635.066025
107,CA,IMPERIAL,2008,23053321.1277
108,CA,IMPERIAL,2009,24505834.57065
109,CA,IMPERIAL,2010,26213878.7761125
110,CA,IMPERIAL,2011,31636606.7156625
111,CA,IMPERIAL,2012,36778244.8552125
112,CA,IMPERIAL,2013,45841759.6636125
113,CA,IMPERIAL,2014,42329858.8856625
114,CA,INYO,2006,5234406.063
115,CA,INYO,2007,6301315.1499
116,CA,INYO,2008,7127469.7704375
117,CA,INYO,2009,7333630.622025
118,CA,INYO,2010,6279745.8684
119,CA,INYO,2011,7196313.6949875
120,CA,INYO,2012,7979811.7479375005
121,CA,INYO,2013,8139746.0068125
122,CA,INYO,2014,7480109.040225
123,CA,KERN,2006,145293996.435225
124,CA,KERN,2007,173974971.0867125
125,CA,KERN,2008,193101777.3513625
126,CA,KERN,2009,217433447.7182625
127,CA,KERN,2010,234318668.477775
128,CA,KERN,2011,247510508.9080875
129,CA,KERN,2012,266785313.1585375
130,CA,KERN,2013,266365291.578075
131,CA,KERN,2014,251134804.7151
132,CA,KINGS,2006,22692888.958725
133,CA,KINGS,2007,25679713.176225
134,CA,KINGS,2008,27157690.635675002
135,CA,KINGS,2009,30589689.042712502
136,CA,KINGS,2010,32869140.1111125
137,CA,KINGS,2011,37785758.5240875
138,CA,KINGS,2012,43457402.8249875
139,CA,KINGS,2013,42258571.921575
140,CA,KINGS,2014,39190966.785000004
141,CA,LAKE,2006,51886319.110125
142,CA,LAKE,2007,55665441.9533625
143,CA,LAKE,2008,65872091.9254125
144,CA,LAKE,2009,73996612.846575
145,CA,LAKE,2010,77491677.9588375
146,CA,LAKE,2011,75393911.2949625
147,CA,LAKE,2012,76744156.37666251
148,CA,LAKE,2013,76924430.314275
149,CA,LAKE,2014,72307831.9843125
150,CA,LASSEN,2006,21698322.14565
151,CA,LASSEN,2007,20989888.491750002
152,CA,LASSEN,2008,28573847.0604
153,CA,LASSEN,2009,31692862.3672125
154,CA,LASSEN,2010,31080824.1252
155,CA,LASSEN,2011,33867029.7961125
156,CA,LASSEN,2012,36118103.796075
157,CA,LASSEN,2013,31063264.698825
158,CA,LASSEN,2014,25319751.4417875
159,CA,LOS ANGELES,2006,1325100808.8451126
160,CA,LOS ANGELES,2007,1518851973.2678876
161,CA,LOS ANGELES,2008,1606829323.7279751
162,CA,LOS ANGELES,2009,1768168200.45675
163,CA,LOS ANGELES,2010,1790539290.3128626
164,CA,LOS ANGELES,2011,1847919620.42655
165,CA,LOS ANGELES,2012,1834921718.2207124
166,CA,LOS ANGELES,2013,1815181819.8304875
167,CA,LOS ANGELES,2014,1719521684.147475
168,CA,MADERA,2006,28226121.9760875
169,CA,MADERA,2007,32225290.04745
170,CA,MADERA,2008,33452867.240537502
171,CA,MADERA,2009,35442166.912725
172,CA,MADERA,2010,37295919.1313625
173,CA,MADERA,2011,38661994.0540875
174,CA,MADERA,2012,40221033.0817875
175,CA,MADERA,2013,40173048.1258875
176,CA,MADERA,2014,39836690.58045
177,CA,MARIN,2006,73455831.6489125
178,CA,MARIN,2007,79848249.37226251
179,CA,MARIN,2008,80439721.9333125
180,CA,MARIN,2009,78521036.5528125
181,CA,MARIN,2010,76680125.7726375
182,CA,MARIN,2011,78506240.629875
183,CA,MARIN,2012,83277739.477875
184,CA,MARIN,2013,83373705.8782875
185,CA,MARIN,2014,75611629.3100625
186,CA,MARIPOSA,2006,2687749.807725
187,CA,MARIPOSA,2007,2818865.54045
188,CA,MARIPOSA,2008,2766034.3847625
189,CA,MARIPOSA,2009,4886823.3424875
190,CA,MARIPOSA,2010,4743514.313175
191,CA,MARIPOSA,2011,5577258.28545
192,CA,MARIPOSA,2012,6829048.005225
193,CA,MARIPOSA,2013,7250102.29545
194,CA,MARIPOSA,2014,7975613.595
195,CA,MENDOCINO,2006,52554781.3611375
196,CA,MENDOCINO,2007,56757584.8103625
197,CA,MENDOCINO,2008,56390397.7382625
198,CA,MENDOCINO,2009,54917673.5587875
199,CA,MENDOCINO,2010,54022918.156275
200,CA,MENDOCINO,2011,52375870.15965
201,CA,MENDOCINO,2012,51632089.2282
202,CA,MENDOCINO,2013,52732427.4946125
203,CA,MENDOCINO,2014,53040493.8901125
204,CA,MERCED,2006,46296294.3259
205,CA,MERCED,2007,52572008.9504875
206,CA,MERCED,2008,58246761.723712504
207,CA,MERCED,2009,64983797.7733875
208,CA,MERCED,2010,69691024.25475
209,CA,MERCED,2011,78996596.502225
210,CA,MERCED,2012,90040050.501075
211,CA,MERCED,2013,96695984.7517875
212,CA,MERCED,2014,96563586.103125
213,CA,MODOC,2006,4081599.937125
214,CA,MODOC,2007,4732233.698175
215,CA,MODOC,2008,5278092.6375
216,CA,MODOC,2009,4639916.4502125
217,CA,MODOC,2010,5126597.8393125
218,CA,MODOC,2011,6025589.364525
219,CA,MODOC,2012,5549679.07155
220,CA,MODOC,2013,4127297.4075
221,CA,MODOC,2014,3865125.0413625
222,CA,MONO,2006,1073382.8190000001
223,CA,MONO,2007,1047182.1285
224,CA,MONO,2008,1256637.5250000001
225,CA,MONO,2009,1382708.0625
226,CA,MONO,2010,1728576.7163625
227,CA,MONO,2011,2136829.89
228,CA,MONO,2012,2066864.43
229,CA,MONO,2013,1825409.07
230,CA,MONO,2014,1774700.7075
231,CA,MONTEREY,2006,88923229.73101251
232,CA,MONTEREY,2007,101668510.261
233,CA,MONTEREY,2008,115283790.2985
234,CA,MONTEREY,2009,132539888.1884625
235,CA,MONTEREY,2010,138703480.55835
236,CA,MONTEREY,2011,137286049.95675
237,CA,MONTEREY,2012,145217291.04285
238,CA,MONTEREY,2013,134255582.3149125
239,CA,MONTEREY,2014,117758145.3683625
240,CA,NAPA,2006,30519704.882425
241,CA,NAPA,2007,33857961.816700004
242,CA,NAPA,2008,37799410.0922125
243,CA,NAPA,2009,42024692.1542625
244,CA,NAPA,2010,42561029.548125
245,CA,NAPA,2011,39246851.7861
246,CA,NAPA,2012,43308830.8804125
247,CA,NAPA,2013,45047878.9847625
248,CA,NAPA,2014,47270944.7302125
249,CA,NEVADA,2006,50343647.009587504
250,CA,NEVADA,2007,52070894.492
251,CA,NEVADA,2008,53597977.3205
252,CA,NEVADA,2009,56296243.937025
253,CA,NEVADA,2010,59582129.2702125
254,CA,NEVADA,2011,56292542.3302125
255,CA,NEVADA,2012,55713381.7504125
256,CA,NEVADA,2013,53490825.3299625
257,CA,NEVADA,2014,49297766.531775
258,CA,ORANGE,2006,498896009.76215
259,CA,ORANGE,2007,554743564.633275
260,CA,ORANGE,2008,643246320.0266625
261,CA,ORANGE,2009,714669369.7132875
262,CA,ORANGE,2010,714471883.0195125
263,CA,ORANGE,2011,824406232.7997
264,CA,ORANGE,2012,827039850.7962375
265,CA,ORANGE,2013,755574984.7512375
266,CA,ORANGE,2014,716227055.291475
267,CA,PLACER,2006,145515448.3822
268,CA,PLACER,2007,158725534.7064125
269,CA,PLACER,2008,162650442.2819
270,CA,PLACER,2009,182828237.815125
271,CA,PLACER,2010,188597003.45895
272,CA,PLACER,2011,188135546.1589875
273,CA,PLACER,2012,183355655.5516875
274,CA,PLACER,2013,171584802.8308125
275,CA,PLACER,2014,168541440.3415125
276,CA,PLUMAS,2006,13529846.205225
277,CA,PLUMAS,2007,11542878.6285
278,CA,PLUMAS,2008,12243815.4
279,CA,PLUMAS,2009,12114594.2311125
280,CA,PLUMAS,2010,12628377.572025
281,CA,PLUMAS,2011,15039689.9368125
282,CA,PLUMAS,2012,16297283.589975
283,CA,PLUMAS,2013,16465582.732725
284,CA,PLUMAS,2014,15055005.573315
285,CA,RIVERSIDE,2006,331572124.0153375
286,CA,RIVERSIDE,2007,366521429.706775
287,CA,RIVERSIDE,2008,433774034.754775
288,CA,RIVERSIDE,2009,526583199.2239875
289,CA,RIVERSIDE,2010,568241499.1114125
290,CA,RIVERSIDE,2011,624662643.5257875
291,CA,RIVERSIDE,2012,664636356.2776875
292,CA,RIVERSIDE,2013,670876271.151975
293,CA,RIVERSIDE,2014,673308257.4640125
294,CA,SACRAMENTO,2006,395773624.0447375
295,CA,SACRAMENTO,2007,463911481.47945
296,CA,SACRAMENTO,2008,515397246.2700125
297,CA,SACRAMENTO,2009,565487122.7860125
298,CA,SACRAMENTO,2010,558867703.8808125
299,CA,SACRAMENTO,2011,533852801.8078875
300,CA,SACRAMENTO,2012,558721714.4776125
301,CA,SACRAMENTO,2013,538578453.8346375
302,CA,SACRAMENTO,2014,536976478.8366
303,CA,SAN BENITO,2006,10164129.0375
304,CA,SAN BENITO,2007,10840626.8205
305,CA,SAN BENITO,2008,11706055.3538625
306,CA,SAN BENITO,2009,14471233.5270375
307,CA,SAN BENITO,2010,15504438.4470375
308,CA,SAN BENITO,2011,15566055.36135
309,CA,SAN BENITO,2012,17713359.015225
310,CA,SAN BENITO,2013,18999555.900225
311,CA,SAN BENITO,2014,18280985.1075
312,CA,SAN BERNARDINO,2006,329826265.68785
313,CA,SAN BERNARDINO,2007,371301684.328175
314,CA,SAN BERNARDINO,2008,444146046.462075
315,CA,SAN BERNARDINO,2009,510512153.67135
316,CA,SAN BERNARDINO,2010,529589930.13551253
317,CA,SAN BERNARDINO,2011,563340966.2867625
318,CA,SAN BERNARDINO,2012,595595243.5776376
319,CA,SAN BERNARDINO,2013,611340530.981925
320,CA,SAN BERNARDINO,2014,609623701.8604125
321,CA,SAN DIEGO,2006,586499311.64805
322,CA,SAN DIEGO,2007,668773981.9617625
323,CA,SAN DIEGO,2008,743891062.787925
324,CA,SAN DIEGO,2009,799298173.2903376
325,CA,SAN DIEGO,2010,827663705.5014
326,CA,SAN DIEGO,2011,934374812.245575
327,CA,SAN DIEGO,2012,1065702626.157675
328,CA,SAN DIEGO,2013,1062803657.218875
329,CA,SAN DIEGO,2014,1018056638.8471125
330,CA,SAN FRANCISCO,2006,203407771.2215125
331,CA,SAN FRANCISCO,2007,213326540.178225
332,CA,SAN FRANCISCO,2008,254730639.5439625
333,CA,SAN FRANCISCO,2009,271362402.4116375
334,CA,SAN FRANCISCO,2010,276915383.9407875
335,CA,SAN FRANCISCO,2011,237207685.4712375
336,CA,SAN FRANCISCO,2012,234706308.43305
337,CA,SAN FRANCISCO,2013,218342997.252075
338,CA,SAN FRANCISCO,2014,199325770.93035
339,CA,SAN JOAQUIN,2006,137856997.2995625
340,CA,SAN JOAQUIN,2007,161330100.3188
341,CA,SAN JOAQUIN,2008,178163591.05208752
342,CA,SAN JOAQUIN,2009,199082938.3348875
343,CA,SAN JOAQUIN,2010,220648489.0796625
344,CA,SAN JOAQUIN,2011,234944375.3587875
345,CA,SAN JOAQUIN,2012,237125087.71211252
346,CA,SAN JOAQUIN,2013,240328992.3846375
347,CA,SAN JOAQUIN,2014,246979638.599925
348,CA,SAN LUIS OBISPO,2006,87172235.876775
349,CA,SAN LUIS OBISPO,2007,97483957.575125
350,CA,SAN LUIS OBISPO,2008,107132010.9137375
351,CA,SAN LUIS OBISPO,2009,112457896.8647625
352,CA,SAN LUIS OBISPO,2010,116469755.279475
353,CA,SAN LUIS OBISPO,2011,119479476.0043275
354,CA,SAN LUIS OBISPO,2012,129292177.9501125
355,CA,SAN LUIS OBISPO,2013,123603335.1723375
356,CA,SAN LUIS OBISPO,2014,117526780.1706
357,CA,SAN MATEO,2006,89779491.87885
358,CA,SAN MATEO,2007,105390601.999
359,CA,SAN MATEO,2008,121484290.6851625
360,CA,SAN MATEO,2009,150108120.19215
361,CA,SAN MATEO,2010,168516167.540625
362,CA,SAN MATEO,2011,168946988.499075
363,CA,SAN MATEO,2012,170293949.9044125
364,CA,SAN MATEO,2013,159141671.552025
365,CA,SAN MATEO,2014,151106643.9138
366,CA,SANTA BARBARA,2006,110362863.700775
367,CA,SANTA BARBARA,2007,121124257.8665
368,CA,SANTA BARBARA,2008,133769048.94042501
369,CA,SANTA BARBARA,2009,147026785.3774125
370,CA,SANTA BARBARA,2010,149592927.2605875
371,CA,SANTA BARBARA,2011,152672578.552575
372,CA,SANTA BARBARA,2012,140909662.2415875
373,CA,SANTA BARBARA,2013,127916132.9823375
374,CA,SANTA BARBARA,2014,117354337.717575
375,CA,SANTA CLARA,2006,164104101.7205375
376,CA,SANTA CLARA,2007,191762610.0625
377,CA,SANTA CLARA,2008,214318327.8054125
378,CA,SANTA CLARA,2009,227854650.09555
379,CA,SANTA CLARA,2010,230839666.1185875
380,CA,SANTA CLARA,2011,254583011.512875
381,CA,SANTA CLARA,2012,278919637.7257125
382,CA,SANTA CLARA,2013,260529708.57105002
383,CA,SANTA CLARA,2014,243249741.4557375
384,CA,SANTA CRUZ,2006,59384565.2326
385,CA,SANTA CRUZ,2007,68332299.410575
386,CA,SANTA CRUZ,2008,76160236.6963875
387,CA,SANTA CRUZ,2009,84919617.9072
388,CA,SANTA CRUZ,2010,93902001.4985625
389,CA,SANTA CRUZ,2011,96956284.456725
390,CA,SANTA CRUZ,2012,96305643.18375
391,CA,SANTA CRUZ,2013,91805127.223125
392,CA,SANTA CRUZ,2014,78001792.458825
393,CA,SHASTA,2006,113623902.6601625
394,CA,SHASTA,2007,124546131.466875
395,CA,SHASTA,2008,132346287.6691875
396,CA,SHASTA,2009,136174204.9692375
397,CA,SHASTA,2010,146342529.0973875
398,CA,SHASTA,2011,148954452.7075875
399,CA,SHASTA,2012,156424907.3156625
400,CA,SHASTA,2013,150172532.5821
401,CA,SHASTA,2014,137328611.28165
402,CA,SIERRA,2006,419041.98
403,CA,SIERRA,2007,484273.215
404,CA,SIERRA,2008,485222.55
405,CA,SIERRA,2009,834830.37
406,CA,SIERRA,2010,1339233.93
407,CA,SIERRA,2011,861162.495
408,CA,SIERRA,2012,793530.0675
409,CA,SIERRA,2013,911647.455
410,CA,SIERRA,2014,652966.35
411,CA,SISKIYOU,2006,19444954.948225
412,CA,SISKIYOU,2007,22819118.6188625
413,CA,SISKIYOU,2008,24927711.457725
414,CA,SISKIYOU,2009,28258384.440225
415,CA,SISKIYOU,2010,29704022.07
416,CA,SISKIYOU,2011,31435441.2790875
417,CA,SISKIYOU,2012,33354984.8452125
418,CA,SISKIYOU,2013,34711434.712725
419,CA,SISKIYOU,2014,33930258.585225
420,CA,SOLANO,2006,83094521.2886125
421,CA,SOLANO,2007,97144712.2248
422,CA,SOLANO,2008,105819176.98397501
423,CA,SOLANO,2009,124866137.9074125
424,CA,SOLANO,2010,136288153.5514875
425,CA,SOLANO,2011,140127943.9753875
426,CA,SOLANO,2012,151344292.0681125
427,CA,SOLANO,2013,157423480.974
428,CA,SOLANO,2014,159795092.344275
429,CA,SONOMA,2006,149797214.6281625
430,CA,SONOMA,2007,163992064.11455
431,CA,SONOMA,2008,180097546.4304875
432,CA,SONOMA,2009,188771865.1718625
433,CA,SONOMA,2010,196507606.1952375
434,CA,SONOMA,2011,206243423.2593375
435,CA,SONOMA,2012,222721174.4265375
436,CA,SONOMA,2013,224967381.184425
437,CA,SONOMA,2014,221057403.062625
438,CA,STANISLAUS,2006,225455072.9726375
439,CA,STANISLAUS,2007,265184497.3937625
440,CA,STANISLAUS,2008,279546117.4609125
441,CA,STANISLAUS,2009,302930009.3311875
442,CA,STANISLAUS,2010,316424257.6580625
443,CA,STANISLAUS,2011,332120108.2951125
444,CA,STANISLAUS,2012,349738337.6426625
445,CA,STANISLAUS,2013,319207494.42615
446,CA,STANISLAUS,2014,310574361.65835
447,CA,SUTTER,2006,46468712.216575004
448,CA,SUTTER,2007,59789010.063675
449,CA,SUTTER,2008,69475255.64145
450,CA,SUTTER,2009,76640788.3940625
451,CA,SUTTER,2010,83098020.717225
452,CA,SUTTER,2011,77942274.0456375
453,CA,SUTTER,2012,78757593.822675
454,CA,SUTTER,2013,74353199.83635
455,CA,SUTTER,2014,71533314.840675
456,CA,TEHAMA,2006,29798868.0795875
457,CA,TEHAMA,2007,31972926.8739
458,CA,TEHAMA,2008,34102964.6850375
459,CA,TEHAMA,2009,33840530.8924875
460,CA,TEHAMA,2010,36197563.996575
461,CA,TEHAMA,2011,37415749.7052
462,CA,TEHAMA,2012,38528663.8208625
463,CA,TEHAMA,2013,37598012.132925004
464,CA,TEHAMA,2014,34804451.7811125
465,CA,TRINITY,2006,6608825.6145375
466,CA,TRINITY,2007,6740550.372
467,CA,TRINITY,2008,6587088.3
468,CA,TRINITY,2009,7582315.170225
469,CA,TRINITY,2010,8452255.5265875
470,CA,TRINITY,2011,8758866.50295
471,CA,TRINITY,2012,8837196.24315
472,CA,TRINITY,2013,10061651.0388375
473,CA,TRINITY,2014,8727575.7215625
474,CA,TULARE,2006,88964787.0664
475,CA,TULARE,2007,102336616.829525
476,CA,TULARE,2008,110772135.0615375
477,CA,TULARE,2009,119838253.3945125
478,CA,TULARE,2010,126018379.540425
479,CA,TULARE,2011,136831376.24632502
480,CA,TULARE,2012,149557070.1721875
481,CA,TULARE,2013,146307859.7665125
482,CA,TULARE,2014,139189475.3947125
483,CA,TUOLUMNE,2006,40217376.5564125
484,CA,TUOLUMNE,2007,44675727.7043
485,CA,TUOLUMNE,2008,48570228.4919625
486,CA,TUOLUMNE,2009,48822773.658787504
487,CA,TUOLUMNE,2010,47828859.0465
488,CA,TUOLUMNE,2011,47414291.1121875
489,CA,TUOLUMNE,2012,51761638.641975
490,CA,TUOLUMNE,2013,54087951.719925
491,CA,TUOLUMNE,2014,52200995.5460625
492,CA,VENTURA,2006,145356608.0065375
493,CA,VENTURA,2007,159198376.0233125
494,CA,VENTURA,2008,178818931.8399625
495,CA,VENTURA,2009,212540034.03161252
496,CA,VENTURA,2010,230655278.5652625
497,CA,VENTURA,2011,262841934.4627875
498,CA,VENTURA,2012,247763520.4360125
499,CA,VENTURA,2013,242930934.3531
500,CA,VENTURA,2014,238637969.0480625
501,CA,YOLO,2006,36535262.9262375
502,CA,YOLO,2007,41027594.2523
503,CA,YOLO,2008,45004228.152075
504,CA,YOLO,2009,48538738.051575
505,CA,YOLO,2010,49108909.004737504
506,CA,YOLO,2011,49404964.9549875
507,CA,YOLO,2012,54083289.091125004
508,CA,YOLO,2013,51076975.12545
509,CA,YOLO,2014,48144697.0238625
510,CA,YUBA,2006,29291161.5574875
511,CA,YUBA,2007,29959895.658675
512,CA,YUBA,2008,33548437.569000002
513,CA,YUBA,2009,38162078.4722625
514,CA,YUBA,2010,39910427.5774875
515,CA,YUBA,2011,40024576.0395375
516,CA,YUBA,2012,41976152.0761125
517,CA,YUBA,2013,39208655.708850004
518,CA,YUBA,2014,38539156.71885
0,NV,CARSON CITY,2006,27555663.56685
1,NV,CARSON CITY,2007,31010568.3412125
2,NV,CARSON CITY,2008,33437043.4277625
3,NV,CARSON CITY,2009,36706177.6847625
4,NV,CARSON CITY,2010,40243379.558625
5,NV,CARSON CITY,2011,41087761.5204375
6,NV,CARSON CITY,2012,40018444.2524625
7,NV,CARSON CITY,2013,39901029.138375
8,NV,CARSON CITY,2014,43567264.6854375
9,NV,CHURCHILL,2006,7791808.967725
10,NV,CHURCHILL,2007,8532263.5363125
11,NV,CHURCHILL,2008,9757097.6143125
12,NV,CHURCHILL,2009,10355976.1095375
13,NV,CHURCHILL,2010,11456030.5395375
14,NV,CHURCHILL,2011,11676338.4759
15,NV,CHURCHILL,2012,11725023.744525
16,NV,CHURCHILL,2013,11225304.991125
17,NV,CHURCHILL,2014,12657893.7684
18,NV,CLARK,2006,883839359.18905
19,NV,CLARK,2007,1031420197.96695
20,NV,CLARK,2008,1154199273.3832624
21,NV,CLARK,2009,1240093874.4324374
22,NV,CLARK,2010,1446715574.049225
23,NV,CLARK,2011,1565651792.687325
24,NV,CLARK,2012,1546525281.2046
25,NV,CLARK,2013,1250723782.9301624
26,NV,CLARK,2014,1199174464.6851
27,NV,DOUGLAS,2006,17579155.97895
28,NV,DOUGLAS,2007,19273761.769725
29,NV,DOUGLAS,2008,20598152.4580875
30,NV,DOUGLAS,2009,22560598.17795
31,NV,DOUGLAS,2010,25448159.911575
32,NV,DOUGLAS,2011,26538917.1429375
33,NV,DOUGLAS,2012,25776773.9736
34,NV,DOUGLAS,2013,24993639.249975
35,NV,DOUGLAS,2014,25197484.8731625
36,NV,ELKO,2006,8309728.595225
37,NV,ELKO,2007,10560118.109725
38,NV,ELKO,2008,11321109.6915
39,NV,ELKO,2009,13289241.2063625
40,NV,ELKO,2010,15296006.625
41,NV,ELKO,2011,17665728.8063625
42,NV,ELKO,2012,21685057.3181625
43,NV,ELKO,2013,20107096.2159
44,NV,ELKO,2014,18880246.957725
45,NV,EUREKA,2006,454.05
46,NV,EUREKA,2007,454.05
47,NV,EUREKA,2008,454.05
48,NV,HUMBOLDT,2006,2774890.593
49,NV,HUMBOLDT,2007,3260895.9525
50,NV,HUMBOLDT,2008,3835464.9
51,NV,HUMBOLDT,2009,4355021.4375
52,NV,HUMBOLDT,2010,5018748.9788625
53,NV,HUMBOLDT,2011,5700563.025225
54,NV,HUMBOLDT,2012,7122318.2625
55,NV,HUMBOLDT,2013,7421321.4263625
56,NV,HUMBOLDT,2014,7580237.363175
57,NV,LANDER,2006,1070589.4875
58,NV,LANDER,2007,1580816.2990875
59,NV,LANDER,2008,1567180.507725
60,NV,LANDER,2009,1812239.1300000001
61,NV,LANDER,2010,1842801.075
62,NV,LANDER,2011,2092828.92
63,NV,LANDER,2012,2092877.7338625
64,NV,LANDER,2013,1944858.45
65,NV,LANDER,2014,1656389.1675
66,NV,LINCOLN,2006,1319033.325
67,NV,LINCOLN,2007,1359100.5
68,NV,LINCOLN,2008,1400184.3
69,NV,LINCOLN,2009,1598903.2275
70,NV,LINCOLN,2010,1796128.065
71,NV,LINCOLN,2011,2530979.0775
72,NV,LINCOLN,2012,2506009.2038625
73,NV,LINCOLN,2013,2717207.1788625
74,NV,LINCOLN,2014,2630786.355
75,NV,LYON,2006,10196008.1002125
76,NV,LYON,2007,12281322.32865
77,NV,LYON,2008,15324055.3459125
78,NV,LYON,2009,17795263.552425
79,NV,LYON,2010,21016358.643825002
80,NV,LYON,2011,23486930.1665625
81,NV,LYON,2012,25728278.7008625
82,NV,LYON,2013,26999458.6588125
83,NV,LYON,2014,29597093.6035875
84,NV,MINERAL,2006,1166654.9288625
85,NV,MINERAL,2007,1419474.6
86,NV,MINERAL,2008,1778739.96
87,NV,MINERAL,2009,2340365.1
88,NV,MINERAL,2010,3125407.2525
89,NV,MINERAL,2011,3716968.5375
90,NV,MINERAL,2012,3768760.7625
91,NV,MINERAL,2013,3792957.7875
92,NV,MINERAL,2014,3856688.52
93,NV,NYE,2006,30081292.2548125
94,NV,NYE,2007,36947951.5834875
95,NV,NYE,2008,41319795.0954
96,NV,NYE,2009,45736197.0025125
97,NV,NYE,2010,51239377.6347
98,NV,NYE,2011,59540302.754962504
99,NV,NYE,2012,50484547.304325
100,NV,NYE,2013,37140619.49295
101,NV,NYE,2014,37961252.043825
102,NV,PERSHING,2011,174224.55000000002
103,NV,PERSHING,2012,961239.5625
104,NV,PERSHING,2013,1052274.975
105,NV,PERSHING,2014,1013033.9625
106,NV,WASHOE,2006,105037474.0890625
107,NV,WASHOE,2007,120740961.3336
108,NV,WASHOE,2008,137169379.5145875
109,NV,WASHOE,2009,157621247.1539625
110,NV,WASHOE,2010,177950725.6698
111,NV,WASHOE,2011,194353724.73915
112,NV,WASHOE,2012,204993828.5557125
113,NV,WASHOE,2013,209200035.6715875
114,NV,WASHOE,2014,222285140.6880375
115,NV,WHITE PINE,2006,4407073.25295
116,NV,WHITE PINE,2007,4907919.045
117,NV,WHITE PINE,2008,5444607.1613625
118,NV,WHITE PINE,2009,6971531.82
119,NV,WHITE PINE,2010,8234546.6443125
120,NV,WHITE PINE,2011,9605378.0595375
121,NV,WHITE PINE,2012,9671472.795
122,NV,WHITE PINE,2013,9092675.1113625
123,NV,WHITE PINE,2014,8488905.075
0,ID,ADA,2006,86952634.07245
1,ID,ADA,2007,97835631.9034
2,ID,ADA,2008,114736104.9130625
3,ID,ADA,2009,127037356.73895
4,ID,ADA,2010,148331949.360075
5,ID,ADA,2011,166079096.524575
6,ID,ADA,2012,180677855.539275
7,ID,ADA,2013,179489750.4411
8,ID,ADA,2014,186360116.13975
9,ID,ADAMS,2006,8778.300000000003
10,ID,ADAMS,2007,5751.300000000002
11,ID,ADAMS,2008,3632.400000000001
12,ID,ADAMS,2009,3935.1000000000013
13,ID,ADAMS,2010,4540.500000000001
14,ID,ADAMS,2011,3329.700000000001
15,ID,ADAMS,2012,4237.800000000001
16,ID,BANNOCK,2006,15054316.384
17,ID,BANNOCK,2007,16506620.1088625
18,ID,BANNOCK,2008,18899901.042
19,ID,BANNOCK,2009,22801030.3763625
20,ID,BANNOCK,2010,27933161.2315875
21,ID,BANNOCK,2011,32864289.0225
22,ID,BANNOCK,2012,36775216.3097625
23,ID,BANNOCK,2013,39029770.140675
24,ID,BANNOCK,2014,39049725.2290875
25,ID,BEAR LAKE,2006,2507815.269
26,ID,BEAR LAKE,2007,2906446.4088500002
27,ID,BEAR LAKE,2008,2455369.0125
28,ID,BEAR LAKE,2009,2640719.9288625
29,ID,BEAR LAKE,2010,2332999.125
30,ID,BEAR LAKE,2011,2147551.9875
31,ID,BEAR LAKE,2012,2395197.3563625
32,ID,BEAR LAKE,2013,2914806.4575
33,ID,BEAR LAKE,2014,2906006.0625
34,ID,BENEWAH,2006,1966040.9505
35,ID,BENEWAH,2007,2574843.2085
36,ID,BENEWAH,2008,2955778.875
37,ID,BENEWAH,2009,3100633.275
38,ID,BENEWAH,2010,3104897.8125
39,ID,BENEWAH,2011,2129590.5
40,ID,BENEWAH,2012,2141759.25
41,ID,BENEWAH,2013,2258338.1625
42,ID,BENEWAH,2014,2608916.0625
43,ID,BINGHAM,2006,4270638.4788625
44,ID,BINGHAM,2007,5126548.5165875
45,ID,BINGHAM,2008,5918932.23
46,ID,BINGHAM,2009,8341649.2613625005
47,ID,BINGHAM,2010,9737397.352500001
48,ID,BINGHAM,2011,11318841.1425
49,ID,BINGHAM,2012,12421687.7175
50,ID,BINGHAM,2013,13001226.0684
51,ID,BINGHAM,2014,13981708.9465875
52,ID,BLAINE,2006,2381186.1615
53,ID,BLAINE,2007,2136543.69
54,ID,BLAINE,2008,2186047.125
55,ID,BLAINE,2009,2003847.225
56,ID,BLAINE,2010,2775028.4888625
57,ID,BLAINE,2011,3053882.025
58,ID,BLAINE,2012,3612508.5488625
59,ID,BLAINE,2013,3665185.350225
60,ID,BLAINE,2014,3729403.1513625
61,ID,BOISE,2011,1452.96
62,ID,BOISE,2012,16527.42
63,ID,BOISE,2013,25608.420000000002
64,ID,BOISE,2014,10170.720000000001
65,ID,BONNER,2006,11265890.163675
66,ID,BONNER,2007,12837461.3515625
67,ID,BONNER,2008,13980402.340875
68,ID,BONNER,2009,14591166.4349625
69,ID,BONNER,2010,15497122.3497375
70,ID,BONNER,2011,15925758.1627125
71,ID,BONNER,2012,16243572.759525001
72,ID,BONNER,2013,15332428.3549875
73,ID,BONNER,2014,14806844.4943125
74,ID,BONNEVILLE,2006,21481845.323725
75,ID,BONNEVILLE,2007,24631144.986175
76,ID,BONNEVILLE,2008,29331274.9878125
77,ID,BONNEVILLE,2009,32419991.7058125
78,ID,BONNEVILLE,2010,34748592.278400004
79,ID,BONNEVILLE,2011,42376004.348400004
80,ID,BONNEVILLE,2012,46219846.374975
81,ID,BONNEVILLE,2013,44584185.406575
82,ID,BONNEVILLE,2014,45475001.2702125
83,ID,BOUNDARY,2006,4020929.819
84,ID,BOUNDARY,2007,4222738.2375
85,ID,BOUNDARY,2008,4663109.5125
86,ID,BOUNDARY,2009,4966677.525
87,ID,BOUNDARY,2010,5032659.45
88,ID,BOUNDARY,2011,4978404.375
89,ID,BOUNDARY,2012,4843300.440225
90,ID,BOUNDARY,2013,5401897.6125
91,ID,BOUNDARY,2014,6001417.0875
92,ID,BUTTE,2006,777542.775
93,ID,BUTTE,2007,941540.13
94,ID,BUTTE,2008,727423.89
95,ID,BUTTE,2009,689795.1
96,ID,BUTTE,2010,796454.325
97,ID,BUTTE,2011,763943.625
98,ID,BUTTE,2012,905617.7625
99,ID,BUTTE,2013,1126222.0875
100,ID,BUTTE,2014,1908024.7875
101,ID,CANYON,2006,25937084.8225875
102,ID,CANYON,2007,30049076.458725
103,ID,CANYON,2008,34519727.97
104,ID,CANYON,2009,40460119.503675
105,ID,CANYON,2010,47228448.6375
106,ID,CANYON,2011,57687824.551125
107,ID,CANYON,2012,66425615.4888375
108,ID,CANYON,2013,71328383.98702501
109,ID,CANYON,2014,74968356.7293
110,ID,CARIBOU,2006,1819402.536
111,ID,CARIBOU,2007,1781777.6663625
112,ID,CARIBOU,2008,1411578.045225
113,ID,CARIBOU,2009,1489920.3375000001
114,ID,CARIBOU,2010,1885982.85
115,ID,CARIBOU,2011,2110727.6625
116,ID,CARIBOU,2012,2401000.065
117,ID,CARIBOU,2013,2746178.055
118,ID,CARIBOU,2014,2713892.325
119,ID,CASSIA,2006,5475199.92
120,ID,CASSIA,2007,6343461.04635
121,ID,CASSIA,2008,6863601.135675
122,ID,CASSIA,2009,7373394.3049875
123,ID,CASSIA,2010,8301214.96545
124,ID,CASSIA,2011,9238927.470225
125,ID,CASSIA,2012,9753088.290000001
126,ID,CASSIA,2013,10685586.8443125
127,ID,CASSIA,2014,11806117.875
128,ID,CLEARWATER,2006,2765532.398175
129,ID,CLEARWATER,2007,3256337.3965875
130,ID,CLEARWATER,2008,3690092.0385
131,ID,CLEARWATER,2009,3895588.0125
132,ID,CLEARWATER,2010,3866806.7063625
133,ID,CLEARWATER,2011,4080836.1375
134,ID,CLEARWATER,2012,3696238.35
135,ID,CLEARWATER,2013,3064475.857725
136,ID,CLEARWATER,2014,2700263.2875
137,ID,CUSTER,2006,501882.6
138,ID,CUSTER,2007,648182.5875
139,ID,CUSTER,2008,689963.4
140,ID,CUSTER,2009,612872.6674875
141,ID,CUSTER,2010,687892.425
142,ID,CUSTER,2011,810443.5875
143,ID,CUSTER,2012,884149.725
144,ID,CUSTER,2013,923554.9125
145,ID,CUSTER,2014,897182.7788625
146,ID,ELMORE,2006,3493130.5500000003
147,ID,ELMORE,2007,3539517.2625
148,ID,ELMORE,2008,4126530.7875
149,ID,ELMORE,2009,4629170.0625
150,ID,ELMORE,2010,5418062.100000001
151,ID,ELMORE,2011,5932269.7575
152,ID,ELMORE,2012,7044811.2375
153,ID,ELMORE,2013,7241218.9125
154,ID,ELMORE,2014,7988203.5825000005
155,ID,FRANKLIN,2006,2234664.9395
156,ID,FRANKLIN,2007,2225458.7
157,ID,FRANKLIN,2008,2042584.5875
158,ID,FRANKLIN,2009,2441878.5075
159,ID,FRANKLIN,2010,2616129.8985
160,ID,FRANKLIN,2011,3013276.4625
161,ID,FRANKLIN,2012,3273600.45
162,ID,FRANKLIN,2013,3628020.165
163,ID,FRANKLIN,2014,3656667.075
164,ID,FREMONT,2006,692578.5875
165,ID,FREMONT,2007,814962.1425000001
166,ID,FREMONT,2008,914721.1575
167,ID,FREMONT,2009,1294940.5875
168,ID,FREMONT,2010,1322992.65
169,ID,FREMONT,2011,1392739.89
170,ID,FREMONT,2012,1649488.71
171,ID,FREMONT,2013,2505634.7625
172,ID,FREMONT,2014,2768762.55
173,ID,GEM,2006,3677906.1375
174,ID,GEM,2007,3202546.5
175,ID,GEM,2008,3068053.0875
176,ID,GEM,2009,3366184.65
177,ID,GEM,2010,7992976.95
178,ID,GEM,2011,8909788.8375
179,ID,GEM,2012,9348149.081812501
180,ID,GEM,2013,9167981.036587501
181,ID,GEM,2014,8277168.3640875
182,ID,GOODING,2006,1769292.216
183,ID,GOODING,2007,1878942.225
184,ID,GOODING,2008,2248912.3875
185,ID,GOODING,2009,2620964.8875
186,ID,GOODING,2010,3557658.2625
187,ID,GOODING,2011,4488545.8125
188,ID,GOODING,2012,4667764.74
189,ID,GOODING,2013,5428873.35
190,ID,GOODING,2014,5741210.46
191,ID,IDAHO,2006,2123993.802
192,ID,IDAHO,2007,2624546.565
193,ID,IDAHO,2008,2863691.4
194,ID,IDAHO,2009,2980944.315
195,ID,IDAHO,2010,3650690.0775
196,ID,IDAHO,2011,4325868.825
197,ID,IDAHO,2012,4651208.1525
198,ID,IDAHO,2013,4095479.9475
199,ID,IDAHO,2014,4090755.1613625
200,ID,JEFFERSON,2006,1762957.1625
201,ID,JEFFERSON,2007,1996655.1
202,ID,JEFFERSON,2008,2045587.35
203,ID,JEFFERSON,2009,2608525.8375
204,ID,JEFFERSON,2010,2698466.325
205,ID,JEFFERSON,2011,2597175.4875
206,ID,JEFFERSON,2012,2878214.9663625
207,ID,JEFFERSON,2013,3807894.975
208,ID,JEFFERSON,2014,3447824.9288625
209,ID,JEROME,2006,2918151.0500000003
210,ID,JEROME,2007,3284702.94
211,ID,JEROME,2008,3814068.8888625
212,ID,JEROME,2009,4040601.4125
213,ID,JEROME,2010,4279914.3788625
214,ID,JEROME,2011,5217216.42
215,ID,JEROME,2012,6670122.3375
216,ID,JEROME,2013,7246495.425
217,ID,JEROME,2014,7396720.8788625
218,ID,KOOTENAI,2006,38871392.69045
219,ID,KOOTENAI,2007,42116202.94585
220,ID,KOOTENAI,2008,44322403.849
221,ID,KOOTENAI,2009,47377248.183675
222,ID,KOOTENAI,2010,48791596.3586625
223,ID,KOOTENAI,2011,50383848.8670375
224,ID,KOOTENAI,2012,52610461.6143
225,ID,KOOTENAI,2013,52259990.225625
226,ID,KOOTENAI,2014,54982731.8845125
227,ID,LATAH,2006,6823889.751
228,ID,LATAH,2007,7503930.84
229,ID,LATAH,2008,7087049.6550375
230,ID,LATAH,2009,7395877.5525
231,ID,LATAH,2010,7874705.9475
232,ID,LATAH,2011,8134740.615
233,ID,LATAH,2012,8615611.9875
234,ID,LATAH,2013,9339189.06
235,ID,LATAH,2014,9190707.727500001
236,ID,LEMHI,2006,2563205.1
237,ID,LEMHI,2007,2671394.8125
238,ID,LEMHI,2008,2626241.55
239,ID,LEMHI,2009,2713961.5875
240,ID,LEMHI,2010,2850581.7
241,ID,LEMHI,2011,3251783.4
242,ID,LEMHI,2012,3921400.9125
243,ID,LEMHI,2013,4530029.625
244,ID,LEMHI,2014,3950096.7
245,ID,LEWIS,2006,1364353.7280000001
246,ID,LEWIS,2007,1580471.475
247,ID,LEWIS,2008,1747466.1865875
248,ID,LEWIS,2009,2088135.7275
249,ID,LEWIS,2010,2313001.8788625
250,ID,LEWIS,2011,2531943.465
251,ID,LEWIS,2012,2876476.875
252,ID,LEWIS,2013,2800491.8663625
253,ID,LEWIS,2014,2551389.225
254,ID,LINCOLN,2006,1195.6650000000002
255,ID,LINCOLN,2007,295.1325
256,ID,MADISON,2006,3178856.412
257,ID,MADISON,2007,4459748.9435
258,ID,MADISON,2008,4993696.7445
259,ID,MADISON,2009,4767516.24
260,ID,MADISON,2010,5651148.4875
261,ID,MADISON,2011,6366169.140000001
262,ID,MADISON,2012,5547343.23
263,ID,MADISON,2013,6069949.9875
264,ID,MADISON,2014,6916382.4375
265,ID,MINIDOKA,2006,1357327.941
266,ID,MINIDOKA,2007,1428168.0375
267,ID,MINIDOKA,2008,1555217.4000000001
268,ID,MINIDOKA,2009,1670179.6500000001
269,ID,MINIDOKA,2010,2043803.7750000001
270,ID,MINIDOKA,2011,2524913.5500000003
271,ID,MINIDOKA,2012,3140137.2375000003
272,ID,MINIDOKA,2013,3437450.1
273,ID,MINIDOKA,2014,3784604.85
274,ID,NEZ PERCE,2006,16863772.4535
275,ID,NEZ PERCE,2007,16539237.5983625
276,ID,NEZ PERCE,2008,17800905.0623625
277,ID,NEZ PERCE,2009,18372075.5813625
278,ID,NEZ PERCE,2010,18458961.9
279,ID,NEZ PERCE,2011,18415491.0940875
280,ID,NEZ PERCE,2012,18995625.0445125
281,ID,NEZ PERCE,2013,19987157.657025002
282,ID,NEZ PERCE,2014,20133330.7875
283,ID,ONEIDA,2006,1841355.5788625001
284,ID,ONEIDA,2007,1479749.1525
285,ID,ONEIDA,2008,1052568.6
286,ID,ONEIDA,2009,1021425.4425
287,ID,ONEIDA,2010,1304162.55
288,ID,ONEIDA,2011,1250533.1700000002
289,ID,ONEIDA,2012,1312107.7840875
290,ID,ONEIDA,2013,1489541.3175000001
291,ID,ONEIDA,2014,1751512.35
292,ID,OWYHEE,2006,423054.15
293,ID,OWYHEE,2007,570314.1
294,ID,OWYHEE,2008,878865.5625
295,ID,OWYHEE,2009,1222700.7
296,ID,OWYHEE,2010,1217383.2
297,ID,OWYHEE,2011,1274309.9625
298,ID,OWYHEE,2012,1323051.5625
299,ID,OWYHEE,2013,1325042.9475
300,ID,OWYHEE,2014,1386021.375
301,ID,PAYETTE,2006,3206258.319
302,ID,PAYETTE,2007,2733453.26895
303,ID,PAYETTE,2008,2377976.107725
304,ID,PAYETTE,2009,2823201.975
305,ID,PAYETTE,2010,4215814.2
306,ID,PAYETTE,2011,4230378.075
307,ID,PAYETTE,2012,4677241.8
308,ID,PAYETTE,2013,4856261.625
309,ID,PAYETTE,2014,4692549.1425
310,ID,POWER,2006,1106963.5050000001
311,ID,POWER,2007,1063438.725
312,ID,POWER,2008,975105.4500000001
313,ID,POWER,2009,1153888.5150000001
314,ID,POWER,2010,1373065.3875
315,ID,POWER,2011,1924252.8413625
316,ID,POWER,2012,2383475.55
317,ID,POWER,2013,2283831.075
318,ID,POWER,2014,2170381.185675
319,ID,SHOSHONE,2006,7807199.119125
320,ID,SHOSHONE,2007,8278424.265
321,ID,SHOSHONE,2008,8174320.8038625
322,ID,SHOSHONE,2009,8327528.1375
323,ID,SHOSHONE,2010,8726021.5875
324,ID,SHOSHONE,2011,8607737.1263625
325,ID,SHOSHONE,2012,8753847.225
326,ID,SHOSHONE,2013,9133989.45
327,ID,SHOSHONE,2014,8684983.8375
328,ID,TETON,2006,1078277.145
329,ID,TETON,2007,1558643.145
330,ID,TETON,2008,2009551.0875
331,ID,TETON,2009,1892050.020225
332,ID,TETON,2010,1921996.725225
333,ID,TETON,2011,1993223.430225
334,ID,TETON,2012,2034090.8738625
335,ID,TETON,2013,2051737.8788625
336,ID,TETON,2014,2137021.695225
337,ID,TWIN FALLS,2006,19766564.3603625
338,ID,TWIN FALLS,2007,22717132.7199375
339,ID,TWIN FALLS,2008,25337682.390300002
340,ID,TWIN FALLS,2009,30279849.0954375
341,ID,TWIN FALLS,2010,35777946.6718125
342,ID,TWIN FALLS,2011,40110268.1140875
343,ID,TWIN FALLS,2012,43025362.3245375
344,ID,TWIN FALLS,2013,45376434.31545
345,ID,TWIN FALLS,2014,45855421.959075004
346,ID,VALLEY,2006,2053208.8845
347,ID,VALLEY,2007,2593662.375
348,ID,VALLEY,2008,2641249.125
349,ID,VALLEY,2009,3319800.5175
350,ID,VALLEY,2010,3867390.3375
351,ID,VALLEY,2011,3954143.7975
352,ID,VALLEY,2012,3838661.33295
353,ID,VALLEY,2013,3773585.58795
354,ID,VALLEY,2014,3890462.4825
355,ID,WASHINGTON,2006,1816897.335
356,ID,WASHINGTON,2007,1627064.175
357,ID,WASHINGTON,2008,2028546.1240875
358,ID,WASHINGTON,2009,2689824.585675
359,ID,WASHINGTON,2010,2578785.3270375
360,ID,WASHINGTON,2011,3531168.5068125
361,ID,WASHINGTON,2012,4033404.375
362,ID,WASHINGTON,2013,3773245.125
363,ID,WASHINGTON,2014,4526478.585
0,MT,BEAVERHEAD,2006,1804279.275
1,MT,BEAVERHEAD,2007,1586267.475
2,MT,BEAVERHEAD,2008,1389881.7750000001
3,MT,BEAVERHEAD,2009,1491944.0250000001
4,MT,BEAVERHEAD,2010,1887218.5425
5,MT,BEAVERHEAD,2011,2008949.3025
6,MT,BEAVERHEAD,2012,2283483.6413625
7,MT,BEAVERHEAD,2013,1967620.7288625
8,MT,BEAVERHEAD,2014,2034791.5913625
9,MT,BIG HORN,2006,1531091.0865
10,MT,BIG HORN,2007,1611510.2588625
11,MT,BIG HORN,2008,1502794.882725
12,MT,BIG HORN,2009,1889894.123175
13,MT,BIG HORN,2010,2001919.7145375
14,MT,BIG HORN,2011,2062401.7356750001
15,MT,BIG HORN,2012,2041540.882725
16,MT,BIG HORN,2013,2647672.3875
17,MT,BIG HORN,2014,2834633.9625
18,MT,BLAINE,2006,271828.8
19,MT,BLAINE,2007,286502.625
20,MT,BLAINE,2008,420636.465
21,MT,BLAINE,2009,608836.8
22,MT,BLAINE,2010,702249.0
23,MT,BLAINE,2011,731969.4
24,MT,BLAINE,2012,692391.5025000001
25,MT,BLAINE,2013,837009.9375
26,MT,BLAINE,2014,931485.525
27,MT,BROADWATER,2006,472438.1145
28,MT,BROADWATER,2007,495132.97500000003
29,MT,BROADWATER,2008,804534.3375
30,MT,BROADWATER,2009,781389.3
31,MT,BROADWATER,2010,848648.475
32,MT,BROADWATER,2011,1138747.425
33,MT,BROADWATER,2012,1374532.725
34,MT,BROADWATER,2013,1721425.6875
35,MT,BROADWATER,2014,1534338.675
36,MT,CARBON,2006,966793.068
37,MT,CARBON,2007,919807.8375
38,MT,CARBON,2008,814960.7625000001
39,MT,CARBON,2009,919928.775
40,MT,CARBON,2010,873424.4663625
41,MT,CARBON,2011,1103543.370225
42,MT,CARBON,2012,1288418.5125
43,MT,CARBON,2013,1333663.5038625
44,MT,CARBON,2014,1487538.6525
45,MT,CARTER,2012,302.7000000000001
46,MT,CASCADE,2006,24848776.746
47,MT,CASCADE,2007,28295859.9645
48,MT,CASCADE,2008,31969418.0408625
49,MT,CASCADE,2009,33850207.9584
50,MT,CASCADE,2010,34384212.9009
51,MT,CASCADE,2011,34403829.86385
52,MT,CASCADE,2012,37845210.4570125
53,MT,CASCADE,2013,41052487.5568125
54,MT,CASCADE,2014,43182364.7540625
55,MT,CHOUTEAU,2006,951564.525
56,MT,CHOUTEAU,2007,926851.425
57,MT,CHOUTEAU,2008,958083.075
58,MT,CHOUTEAU,2009,1149198.75
59,MT,CHOUTEAU,2010,911546.2125
60,MT,CHOUTEAU,2011,941347.7475
61,MT,CHOUTEAU,2012,1103185.62
62,MT,CHOUTEAU,2013,998040.45
63,MT,CHOUTEAU,2014,1136470.9125
64,MT,CUSTER,2006,4175356.6125000003
65,MT,CUSTER,2007,6316788.2625
66,MT,CUSTER,2008,6454325.475000001
67,MT,CUSTER,2009,8555406.975
68,MT,CUSTER,2010,9007264.0125
69,MT,CUSTER,2011,8508229.432725
70,MT,CUSTER,2012,8139099.5890875
71,MT,CUSTER,2013,8247771.35295
72,MT,CUSTER,2014,9423276.9563625
73,MT,DANIELS,2006,121102.54950000001
74,MT,DANIELS,2007,152283.546
75,MT,DANIELS,2008,132097.05
76,MT,DANIELS,2009,261368.36250000002
77,MT,DANIELS,2010,342840.6375
78,MT,DANIELS,2011,476789.025
79,MT,DANIELS,2012,430302.9
80,MT,DANIELS,2013,461877.6
81,MT,DANIELS,2014,677290.725
82,MT,DAWSON,2006,2609259.2055
83,MT,DAWSON,2007,2879769.6878625
84,MT,DAWSON,2008,3302189.22
85,MT,DAWSON,2009,3621785.5125
86,MT,DAWSON,2010,4578255.7913625
87,MT,DAWSON,2011,4614059.925
88,MT,DAWSON,2012,4779080.662500001
89,MT,DAWSON,2013,5506039.2
90,MT,DAWSON,2014,5334376.7625
91,MT,DEER LODGE,2006,2530555.9245
92,MT,DEER LODGE,2007,3133521.3225000002
93,MT,DEER LODGE,2008,3807949.75995
94,MT,DEER LODGE,2009,3424021.575
95,MT,DEER LODGE,2010,3447568.3615875
96,MT,DEER LODGE,2011,3462548.1
97,MT,DEER LODGE,2012,3201775.5075
98,MT,DEER LODGE,2013,3215780.25
99,MT,DEER LODGE,2014,3367820.7
100,MT,FALLON,2006,862253.976
101,MT,FALLON,2007,745778.736
102,MT,FALLON,2008,662438.8965
103,MT,FALLON,2009,874157.025
104,MT,FALLON,2010,798797.85
105,MT,FALLON,2011,894343.3875000001
106,MT,FALLON,2012,947514.525
107,MT,FALLON,2013,957848.617725
108,MT,FALLON,2014,916188.2447625
109,MT,FERGUS,2006,2647291.2643625
110,MT,FERGUS,2007,2391518.020725
111,MT,FERGUS,2008,2364351.6225
112,MT,FERGUS,2009,2304419.3325
113,MT,FERGUS,2010,2677882.5563625
114,MT,FERGUS,2011,3280810.8375
115,MT,FERGUS,2012,3427456.2
116,MT,FERGUS,2013,3921369.15
117,MT,FERGUS,2014,3868941.6375
118,MT,FLATHEAD,2006,48138361.369
119,MT,FLATHEAD,2007,51194814.4955
120,MT,FLATHEAD,2008,57954767.0495875
121,MT,FLATHEAD,2009,56153627.9896125
122,MT,FLATHEAD,2010,50114530.4920125
123,MT,FLATHEAD,2011,46531458.3486
124,MT,FLATHEAD,2012,43667564.1438
125,MT,FLATHEAD,2013,38457495.12405
126,MT,FLATHEAD,2014,38852131.73475
127,MT,GALLATIN,2006,10981191.09945
128,MT,GALLATIN,2007,12033124.28475
129,MT,GALLATIN,2008,13690326.356475001
130,MT,GALLATIN,2009,15968252.0538375
131,MT,GALLATIN,2010,19747798.0660875
132,MT,GALLATIN,2011,20791405.160175
133,MT,GALLATIN,2012,22186182.8752125
134,MT,GALLATIN,2013,20544817.4443125
135,MT,GALLATIN,2014,20121225.1615875
136,MT,GARFIELD,2006,40650.450000000004
137,MT,GARFIELD,2007,15740.400000000005
138,MT,GARFIELD,2008,19070.100000000006
139,MT,GARFIELD,2009,24512.137500000004
140,MT,GARFIELD,2010,605.4000000000002
141,MT,GLACIER,2006,2805524.808
142,MT,GLACIER,2007,3118472.79
143,MT,GLACIER,2008,3765277.6125
144,MT,GLACIER,2009,4027107.8625
145,MT,GLACIER,2010,4986046.0875
146,MT,GLACIER,2011,4615384.215
147,MT,GLACIER,2012,4775268.975
148,MT,GLACIER,2013,4285300.35
149,MT,GLACIER,2014,4227349.3875
150,MT,GRANITE,2010,26902.875
151,MT,GRANITE,2011,273444.1875
152,MT,GRANITE,2012,208361.7
153,MT,GRANITE,2013,290625.525
154,MT,GRANITE,2014,350780.0775
155,MT,HILL,2006,4613690.3625
156,MT,HILL,2007,4051776.015
157,MT,HILL,2008,5737906.443037501
158,MT,HILL,2009,7008294.5588625
159,MT,HILL,2010,6603246.48
160,MT,HILL,2011,5586803.8913625
161,MT,HILL,2012,5637871.0465875
162,MT,HILL,2013,5980534.4625
163,MT,HILL,2014,5289768.2288625
164,MT,JEFFERSON,2006,747476.2935
165,MT,JEFFERSON,2007,815005.767
166,MT,JEFFERSON,2008,722674.047
167,MT,JEFFERSON,2009,882853.65
168,MT,JEFFERSON,2010,907697.4375
169,MT,JEFFERSON,2011,1017098.0775
170,MT,JEFFERSON,2012,1070348.857725
171,MT,JEFFERSON,2013,1076986.132725
172,MT,JEFFERSON,2014,1168151.2538625
173,MT,JUDITH BASIN,2006,605.4000000000002
174,MT,JUDITH BASIN,2007,302.7000000000001
175,MT,JUDITH BASIN,2008,302.7000000000001
176,MT,JUDITH BASIN,2009,605.4000000000002
177,MT,JUDITH BASIN,2010,1210.8000000000004
178,MT,JUDITH BASIN,2011,605.4000000000002
179,MT,JUDITH BASIN,2012,605.4000000000002
180,MT,JUDITH BASIN,2013,302.7000000000001
181,MT,JUDITH BASIN,2014,302.7000000000001
182,MT,LAKE,2006,6907033.6486125
183,MT,LAKE,2007,7620287.4147375
184,MT,LAKE,2008,8908080.4465625
185,MT,LAKE,2009,9425163.555225
186,MT,LAKE,2010,9814523.265
187,MT,LAKE,2011,10932295.8788625
188,MT,LAKE,2012,12246129.5145375
189,MT,LAKE,2013,11571472.035675
190,MT,LAKE,2014,10401072.7575
191,MT,LEWIS AND CLARK,2006,14748551.671500001
192,MT,LEWIS AND CLARK,2007,16881854.3115
193,MT,LEWIS AND CLARK,2008,19983752.957312502
194,MT,LEWIS AND CLARK,2009,20974631.3368125
195,MT,LEWIS AND CLARK,2010,20945356.4970375
196,MT,LEWIS AND CLARK,2011,22080492.0877125
197,MT,LEWIS AND CLARK,2012,21441811.6345125
198,MT,LEWIS AND CLARK,2013,20758925.1515625
199,MT,LEWIS AND CLARK,2014,20348987.8186125
200,MT,LIBERTY,2006,86967.102
201,MT,LIBERTY,2007,166299.753
202,MT,LIBERTY,2008,211355.75400000002
203,MT,LIBERTY,2009,146633.55
204,MT,LIBERTY,2010,126415.35
205,MT,LIBERTY,2011,202155.375
206,MT,LIBERTY,2012,88876.275
207,MT,LIBERTY,2013,119340.6375
208,MT,LIBERTY,2014,130206.71250000001
209,MT,LINCOLN,2006,9734053.4665
210,MT,LINCOLN,2007,9679530.8505
211,MT,LINCOLN,2008,11307323.4915
212,MT,LINCOLN,2009,12056278.9125
213,MT,LINCOLN,2010,13394870.2163625
214,MT,LINCOLN,2011,13562609.5993125
215,MT,LINCOLN,2012,14469009.5065875
216,MT,LINCOLN,2013,13751371.6990875
217,MT,LINCOLN,2014,13386794.8125
218,MT,MADISON,2006,627578.925
219,MT,MADISON,2007,1224039.9000000001
220,MT,MADISON,2008,1210404.6
221,MT,MADISON,2009,1223615.0625
222,MT,MADISON,2010,1053503.85
223,MT,MADISON,2011,1307485.275
224,MT,MADISON,2012,1343589.3
225,MT,MADISON,2013,1419371.325
226,MT,MADISON,2014,1219744.575
227,MT,MEAGHER,2006,226088.1375
228,MT,MEAGHER,2007,223700.4
229,MT,MEAGHER,2008,220736.7788625
230,MT,MEAGHER,2009,188373.975
231,MT,MEAGHER,2010,322433.66250000003
232,MT,MEAGHER,2011,431602.0125
233,MT,MEAGHER,2012,463719.4125
234,MT,MEAGHER,2013,392124.9375
235,MT,MEAGHER,2014,402873.75
236,MT,MINERAL,2006,802998.777
237,MT,MINERAL,2007,1231987.5
238,MT,MINERAL,2008,1280191.65
239,MT,MINERAL,2009,1405441.9125
240,MT,MINERAL,2010,1874119.747725
241,MT,MINERAL,2011,2093966.8163625
242,MT,MINERAL,2012,1876341.71295
243,MT,MINERAL,2013,1885916.175
244,MT,MINERAL,2014,1415808.225
245,MT,MISSOULA,2006,29066169.4500375
246,MT,MISSOULA,2007,29767074.0749875
247,MT,MISSOULA,2008,31938319.305525
248,MT,MISSOULA,2009,34340344.6633875
249,MT,MISSOULA,2010,38241166.185675
250,MT,MISSOULA,2011,41627344.587712504
251,MT,MISSOULA,2012,43455244.7392875
252,MT,MISSOULA,2013,41243847.1827
253,MT,MISSOULA,2014,35851082.1813375
254,MT,MUSSELSHELL,2006,1194176.013
255,MT,MUSSELSHELL,2007,1269273.6345
256,MT,MUSSELSHELL,2008,1443572.6625
257,MT,MUSSELSHELL,2009,1768139.0250000001
258,MT,MUSSELSHELL,2010,2150736.4875000003
259,MT,MUSSELSHELL,2011,2331125.7
260,MT,MUSSELSHELL,2012,2167580.325
261,MT,MUSSELSHELL,2013,1691689.3913625001
262,MT,MUSSELSHELL,2014,1708426.9875
263,MT,PARK,2006,3053449.396725
264,MT,PARK,2007,3533474.387925
265,MT,PARK,2008,3773033.80815
266,MT,PARK,2009,4567270.6049625
267,MT,PARK,2010,6335250.5863125
268,MT,PARK,2011,6841463.35815
269,MT,PARK,2012,7763632.5967875
270,MT,PARK,2013,7138910.4
271,MT,PARK,2014,5978929.2618
272,MT,PHILLIPS,2006,568127.6610000001
273,MT,PHILLIPS,2007,549063.525
274,MT,PHILLIPS,2008,483701.17500000005
275,MT,PHILLIPS,2009,629899.3875000001
276,MT,PHILLIPS,2010,632371.3875000001
277,MT,PHILLIPS,2011,811136.52
278,MT,PHILLIPS,2012,1034416.9275
279,MT,PHILLIPS,2013,1125179.7
280,MT,PHILLIPS,2014,1209528.9375
281,MT,PONDERA,2006,1401964.1625
282,MT,PONDERA,2007,1421869.0163625
283,MT,PONDERA,2008,1442996.715
284,MT,PONDERA,2009,1681949.7413625
285,MT,PONDERA,2010,1959467.0625
286,MT,PONDERA,2011,2046848.9068125
287,MT,PONDERA,2012,2380305.3347625
288,MT,PONDERA,2013,2696752.0168125
289,MT,PONDERA,2014,2758002.72795
290,MT,POWDER RIVER,2006,187083.075
291,MT,POWDER RIVER,2007,223786.275
292,MT,POWDER RIVER,2008,323087.325
293,MT,POWDER RIVER,2009,446586.0
294,MT,POWDER RIVER,2010,317444.025
295,MT,POWDER RIVER,2011,390902.625
296,MT,POWDER RIVER,2012,612185.25
297,MT,POWDER RIVER,2013,258849.7125
298,MT,POWDER RIVER,2014,166551.3375
299,MT,POWELL,2006,1121562.5625
300,MT,POWELL,2007,1463685.7125
301,MT,POWELL,2008,1499940.45
302,MT,POWELL,2009,2189819.115
303,MT,POWELL,2010,3514306.6125
304,MT,POWELL,2011,3488170.8788625
305,MT,POWELL,2012,3249783.2475
306,MT,POWELL,2013,3519765.075
307,MT,POWELL,2014,3338686.425
308,MT,RAVALLI,2006,10335214.484625
309,MT,RAVALLI,2007,9153562.9306125
310,MT,RAVALLI,2008,10831670.5617375
311,MT,RAVALLI,2009,11997939.9215625
312,MT,RAVALLI,2010,13148338.524525
313,MT,RAVALLI,2011,14472726.34725
314,MT,RAVALLI,2012,16598111.036325
315,MT,RAVALLI,2013,19497306.6975
316,MT,RAVALLI,2014,16418386.1813625
317,MT,RICHLAND,2006,1112062.6095
318,MT,RICHLAND,2007,1317421.659
319,MT,RICHLAND,2008,1513063.821
320,MT,RICHLAND,2009,1679237.8875
321,MT,RICHLAND,2010,1811981.2575
322,MT,RICHLAND,2011,2369636.8200000003
323,MT,RICHLAND,2012,2715290.94
324,MT,RICHLAND,2013,2430099.8175
325,MT,RICHLAND,2014,2582162.1675
326,MT,ROOSEVELT,2006,858622.593
327,MT,ROOSEVELT,2007,467496.31200000003
328,MT,ROOSEVELT,2008,450295.1325
329,MT,ROOSEVELT,2009,1227355.1025
330,MT,ROOSEVELT,2010,1704627.4875
331,MT,ROOSEVELT,2011,1830640.9125
332,MT,ROOSEVELT,2012,2376353.6625
333,MT,ROOSEVELT,2013,3046974.315
334,MT,ROOSEVELT,2014,3511352.805
335,MT,ROSEBUD,2006,991411.6875
336,MT,ROSEBUD,2007,1157710.125
337,MT,ROSEBUD,2008,1341351.0825
338,MT,ROSEBUD,2009,1517717.4000000001
339,MT,ROSEBUD,2010,1903420.44
340,MT,ROSEBUD,2011,2217360.915
341,MT,ROSEBUD,2012,2431933.3627125
342,MT,ROSEBUD,2013,2314774.2490875
343,MT,ROSEBUD,2014,2215466.550675
344,MT,SANDERS,2006,1877236.9710000001
345,MT,SANDERS,2007,3082334.19
346,MT,SANDERS,2008,4242338.2875
347,MT,SANDERS,2009,3930522.7988625
348,MT,SANDERS,2010,4461945.9413625
349,MT,SANDERS,2011,5075224.9275
350,MT,SANDERS,2012,6201746.9213625
351,MT,SANDERS,2013,5923534.1025
352,MT,SANDERS,2014,5074265.835
353,MT,SHERIDAN,2006,338297.484
354,MT,SHERIDAN,2007,472149.666
355,MT,SHERIDAN,2008,705931.059
356,MT,SHERIDAN,2009,516417.45
357,MT,SHERIDAN,2010,584870.025
358,MT,SHERIDAN,2011,798959.4
359,MT,SHERIDAN,2012,711890.775
360,MT,SHERIDAN,2013,739849.5
361,MT,SHERIDAN,2014,616048.125
362,MT,SILVER BOW,2006,11767994.081812501
363,MT,SILVER BOW,2007,13268592.8197625
364,MT,SILVER BOW,2008,15208882.3152125
365,MT,SILVER BOW,2009,17378986.5520125
366,MT,SILVER BOW,2010,17390015.7129375
367,MT,SILVER BOW,2011,17542562.0718
368,MT,SILVER BOW,2012,18041924.6920125
369,MT,SILVER BOW,2013,18370359.5002125
370,MT,SILVER BOW,2014,18175113.67545
371,MT,STILLWATER,2006,1393705.6875
372,MT,STILLWATER,2007,1370681.4
373,MT,STILLWATER,2008,1576005.9375
374,MT,STILLWATER,2009,1607280.225
375,MT,STILLWATER,2010,1592007.3375
376,MT,STILLWATER,2011,1851381.4875
377,MT,STILLWATER,2012,2124585.42
378,MT,STILLWATER,2013,2334181.56
379,MT,STILLWATER,2014,2212158.09
380,MT,SWEET GRASS,2006,600309.375
381,MT,SWEET GRASS,2007,641114.5875
382,MT,SWEET GRASS,2008,544606.5
383,MT,SWEET GRASS,2009,520844.025
384,MT,SWEET GRASS,2010,698594.025
385,MT,SWEET GRASS,2011,618502.2000000001
386,MT,SWEET GRASS,2012,543516.6375
387,MT,SWEET GRASS,2013,621603.075
388,MT,SWEET GRASS,2014,730724.475
389,MT,TETON,2006,904816.7625
390,MT,TETON,2007,1019103.6405
391,MT,TETON,2008,982462.6875
392,MT,TETON,2009,1167900.3188625
393,MT,TETON,2010,1614141.3675
394,MT,TETON,2011,1823549.775
395,MT,TETON,2012,1959443.175
396,MT,TETON,2013,2042254.2375
397,MT,TETON,2014,2353769.5125
398,MT,TOOLE,2006,604395.225
399,MT,TOOLE,2007,666249.675
400,MT,TOOLE,2008,663547.275
401,MT,TOOLE,2009,678551.025
402,MT,TOOLE,2010,895125.0375000001
403,MT,TOOLE,2011,976485.6525000001
404,MT,TOOLE,2012,1006173.855
405,MT,TOOLE,2013,961480.35
406,MT,TOOLE,2014,924776.0925
407,MT,VALLEY,2006,1631191.8615
408,MT,VALLEY,2007,2453763.7095
409,MT,VALLEY,2008,2914200.963
410,MT,VALLEY,2009,3363797.325
411,MT,VALLEY,2010,3373963.725
412,MT,VALLEY,2011,3621709.275
413,MT,VALLEY,2012,4018649.34
414,MT,VALLEY,2013,4120741.6125
415,MT,VALLEY,2014,4313799.8625
416,MT,WHEATLAND,2009,302.7000000000001
417,MT,WHEATLAND,2011,220558.35
418,MT,WHEATLAND,2012,357254.025
419,MT,WHEATLAND,2013,303750.975
420,MT,WHEATLAND,2014,249395.625
421,MT,YELLOWSTONE,2006,51283171.4179
422,MT,YELLOWSTONE,2007,56610604.1147625
423,MT,YELLOWSTONE,2008,59179951.212975
424,MT,YELLOWSTONE,2009,60051413.9092875
425,MT,YELLOWSTONE,2010,71886682.1065875
426,MT,YELLOWSTONE,2011,78146459.185875
427,MT,YELLOWSTONE,2012,86899225.694025
428,MT,YELLOWSTONE,2013,84316593.0949125
429,MT,YELLOWSTONE,2014,87161142.53677501
